college_code,college_name,source_names
MG,Anderson Schools of Management,
AS,College of Arts and Sciences,
EH,College of Educ & Human Sci,College of Education|ED
FA,College of Fine Arts,
NU,College of Nursing,
PH,College of Pharmacy,
PO,College of Population Health,
GP,Graduate Programs,
HC,Honors College,
AP,School of Arch. and Planning,
EN,School of Engineering,
LW,School of Law,
ME,School of Medicine,
UC,University College,University Studies
LL,Univ Libraries & Learn Science,
AD,Associate Degree,Undergrad Certificate Program
PA,Provost Academic/Admin,
