program_code,in_college,program_name,unit_code,college_code,is_pre_major,leads_to,basis,status,evidence,notes
AAHS,,Human Services,HMSV,,FALSE,,decided,confirmed,"21 rows as Major; source department ""Individual Fam Comm Educ IFCE"" on 100% of primary-major rows; students take FCS courses at 24.1x the overall rate (9 enrolments); assistant proposed FCS","Kept at its Stage 0 unit, a hand decision in program_code_maps.R; decided 2026-10-03."
AASN,,Nursing,NURS,,FALSE,,name_match,confirmed,"2 rows as Major; source department ""Provost Branch Campuses"" on 100% of primary-major rows; unit named ""Nursing""",
ABA,,Applied Behavior Analysis,PSYC,EH,FALSE,,decided,confirmed,"283 rows as Major; source department ""Special Education"" on 100% of primary-major rows; students take SPED courses at 182.6x the overall rate (320 enrolments); assistant proposed SPED","Kept at its Stage 0 unit, a hand decision in program_code_maps.R; decided 2026-10-03. college_code EH proposed 2026-10-04: its majors are EH 100% (Banner Translated College, 213 rows); its unit PSYC is AS."
ACCT,,Accounting,ACCT,,FALSE,,source_department,confirmed,"2636 rows as Major; Second Major; source department ""Anderson School Management ASM"" on 100% of primary-major rows; course subject ACCT",
ACTI,,Adv Comp Tomogphy Imaging,RADS,,FALSE,,source_department,confirmed,"4 rows as Major; source department ""Radiology"" on 100% of primary-major rows",
AFAM,,African American Studies,,,FALSE,,unresolved,proposed,1 rows as First Minor; no evidence settles the unit,
AFST,,Africana Studies,AFST,,FALSE,,source_department,confirmed,"317 rows as First Minor; Major; Second Major; Second Minor; source department ""African American Studies"" on 100% of primary-major rows",
AGC,,Advanced Grad Counseling,COUN,,FALSE,,decided,confirmed,"4 rows as Major; source department ""Individual Fam Comm Educ IFCE"" on 100% of primary-major rows; split department; none of FCS|NUTR|COUN fits; no evidence settles the unit; assistant proposed nothing","Kept at its Stage 0 unit, a hand decision in program_code_maps.R; decided 2026-10-03."
ALB,,Arts Leadership & Business,FACW,,FALSE,,decided,confirmed,"531 rows as First Minor; Second Minor; unit named ""Arts Leadership & Business""","A minor (undergraduate and graduate) open to every major; no department, owned by the College of Fine Arts. Decided 2026-10-09 over the assistant's ALBS, which was never a department."
AM,,Arts Management,,,FALSE,,unresolved,proposed,23 rows as First Minor; no evidence settles the unit,
AMRI,,Adv Magnetic Reson Imaging,RADS,,FALSE,,source_department,confirmed,"38 rows as Major; source department ""Radiology"" on 100% of primary-major rows",
AMST,,American Studies,AMST,,FALSE,,source_department,confirmed,"1018 rows as First Minor; Major; Second Major; Second Minor; source department ""AS American Studies"" on 100% of primary-major rows",
ANES,,Anesthesia,ANES,,FALSE,,source_department,confirmed,"189 rows as Major; source department ""Anesthesiology MSA"" on 100% of primary-major rows",
ANIM,,Animation,FDMA,,FALSE,,course_taking,proposed,103 rows as First Minor; Second Minor; students take FDMA courses at 12.8x the overall rate (125 enrolments),
ANTH,,Anthropology,ANTH,,FALSE,,source_department,confirmed,"6014 rows as First Minor; Major; Second Major; Second Minor; source department ""AS Anthropology"" on 100% of primary-major rows",
APHS,,Prof Health Sciences,,,FALSE,,unresolved,proposed,"24 rows as Major; named Pre- on 88% of rows; source department ""Provost Branch Campuses"" on 100% of primary-major rows; no evidence settles the unit",Not a pre-major (no F code); decided 2026-10-03 over mixed Pre- names.
APTE,,Applied Technologies,APTE,,FALSE,,subject_code,confirmed,"2 rows as Major; source department ""Provost Branch Campuses"" on 100% of primary-major rows; course subject APTE",
ARAB,,Arabic,LCL,,FALSE,,subject_code,confirmed,329 rows as First Minor; Second Minor; course subject ARAB,
ARCH,,Architecture,ARCH,,FALSE,,source_department,confirmed,"3372 rows as First Minor; Major; Second Minor; source department ""School Architecture Planning"" on 100% of primary-major rows; course subject ARCH",
ARCT,,Architecture,ARCH,,FALSE,,source_department,confirmed,"4889 rows as Major; source department ""School Architecture Planning"" on 100% of primary-major rows; unit named ""Architecture""",
ARDT,,Architectural Draft Technology,,,FALSE,,unresolved,proposed,"1 rows as Major; source department ""Provost Branch Campuses"" on 100% of primary-major rows; no evidence settles the unit",
ART,,Art,ARTS,,FALSE,,course_taking,proposed,1965 rows as First Minor; Second Major; Second Minor; students take ARTS courses at 7.7x the overall rate (1131 enrolments),
ARTE,,Art Education,ARTS,,FALSE,,source_department,confirmed,"723 rows as First Minor; Major; Second Major; source department ""Art Art History"" on 100% of primary-major rows; course subject ARTE",
ARTH,,Art History,ARTH,,FALSE,,source_department,confirmed,"885 rows as First Minor; Major; Second Major; Second Minor; source department ""Art Art History"" on 100% of primary-major rows; course subject ARTH",
ARTS,,Art Studio,ARTS,,FALSE,,source_department,confirmed,"4046 rows as First Minor; Major; Second Major; Second Minor; source department ""Art Art History"" on 100% of primary-major rows; course subject ARTS",
ASD,,Autism Spectrum Disorders,PSYC,,FALSE,,decided,confirmed,"15 rows as Major; source department ""Special Education"" on 100% of primary-major rows; students take SPED courses at 189.5x the overall rate (13 enrolments); assistant proposed SPED","Kept at its Stage 0 unit, a hand decision in program_code_maps.R; decided 2026-10-03."
ASIN,,Asian Studies,LCL,,FALSE,,course_taking,proposed,68 rows as First Minor; Second Major; Second Minor; students take LCL courses at 9.8x the overall rate (42 enrolments),
ASL,,American Sign Language,LING,,FALSE,,course_taking,proposed,697 rows as First Minor; Second Minor; students take LING courses at 15.3x the overall rate (573 enrolments),
ASNU,,Nursing,NURS,,FALSE,,name_match,proposed,"11 rows as Major; source department ""Provost Branch Campuses"" on 100% of primary-major rows; unit named ""Nursing""",
ASPE,,Engineering,ENG,,FALSE,,inherited,proposed,"86 rows as Major; named Pre- on 77% of rows; source department ""*Interdisciplinary:Engineering"" on 73% of primary-major rows; too mixed to settle the unit; leads to ENG",Not a pre-major (no F code); decided 2026-10-03 over mixed Pre- names.
ASPH,,Astrophysics,PHYS,,FALSE,,source_department,confirmed,"609 rows as First Minor; Major; Second Major; Second Minor; source department ""Physics Astronomy"" on 100% of primary-major rows",
AT,,Athletic Training,ATED,,FALSE,,source_department,confirmed,"494 rows as Major; source department ""Health Exercise & Sports Sci"" on 100% of primary-major rows; students take ATED courses at 1240.7x the overall rate (266 enrolments)",
ATHC,,Athletic Coaching,PHED,,FALSE,,course_taking,proposed,214 rows as First Minor; Second Minor; students take PHED courses at 11.7x the overall rate (347 enrolments),
AUTT,,Automotive Technology,AUTT,,FALSE,,subject_code,confirmed,"6 rows as Major; source department ""Provost Branch Campuses"" on 100% of primary-major rows; course subject AUTT",
BADM,,Business Administration,MGMT,,FALSE,,source_department,confirmed,"30885 rows as Major; Second Major; source department ""Anderson School Management ASM"" on 100% of primary-major rows; students take MGMT courses at 11.1x the overall rate (65319 enrolments)",
BADM,AD,Business Administration,BUSA,,FALSE,,override,confirmed,"college AD carries BUSA today (36 rows), not MGMT",Carried from ad_major_to_dept at Stage 2.
BIOC,,Biochemistry,BIOC,AS,FALSE,,subject_code,confirmed,"5461 rows as Major; Second Major; source department ""*Interdisciplinary: A.S."" on 100% of primary-major rows; course subject BIOC","college_code AS proposed 2026-10-04: its majors are AS 100% (Banner Translated College, 4010 rows); its unit BIOC is ME."
BIOL,,Biology,BIOL,,FALSE,,source_department,confirmed,"18856 rows as First Minor; Major; Second Major; Second Minor; source department ""AS Biology"" on 100% of primary-major rows",
BIOM,,Biomedical Sciences,BIOM,,FALSE,,source_department,confirmed,"2385 rows as Major; source department ""Biomedical Sci Grad Prg BSGP"" on 100% of primary-major rows",
BLE,,Bilingual Education,LLSS,,FALSE,,course_taking,proposed,373 rows as First Minor; Second Minor; students take LLSS courses at 32.7x the overall rate (273 enrolments),
BME,,Biomedical Engineering,BME,,FALSE,,subject_code,confirmed,"546 rows as Major; source department ""*Interdisciplinary:Engineering"" on 100% of primary-major rows; course subject BME",
BUAD,,Business Administration,,,FALSE,,unresolved,proposed,"45 rows as Major; source department ""Provost Branch Campuses"" on 100% of primary-major rows; no evidence settles the unit",
BUSN,,Business,,,FALSE,,unresolved,proposed,"14 rows as Major; source department ""Provost Branch Campuses"" on 100% of primary-major rows; no evidence settles the unit",
CBA,,Cybersec & Bus Analytics,MGMT,,FALSE,,source_department,confirmed,"296 rows as Major; source department ""Anderson School Management ASM"" on 100% of primary-major rows; students take MGMT courses at 13.3x the overall rate (568 enrolments)",
CCS,,Chicana and Chicano Studies,CCS,,FALSE,,source_department,confirmed,"1647 rows as First Minor; Major; Second Major; Second Minor; source department ""AS CHMS Program"" on 99% of primary-major rows",
CE,,Civil Engineering,CE,,FALSE,,source_department,confirmed,"3064 rows as Major; Second Major; source department ""Civil Engineering Civil Engr"" on 100% of primary-major rows",
CECS,,Computer Engineering(Comp Sci),CS,,FALSE,,course_taking,proposed,45 rows as First Minor; Second Minor; students take CS courses at 23.4x the overall rate (58 enrolments),
CELR,,Civic and Community Engagement,CELR,,FALSE,,subject_code,confirmed,12 rows as First Minor; course subject CELR,
CEMA,,Computer Engineering(Math),,,FALSE,,unresolved,proposed,9 rows as First Minor; no evidence settles the unit,
CHBI,,Chemical Biology,BIOL,,FALSE,,decided,confirmed,"53 rows as Major; source department ""Chemistry"" on 100% of primary-major rows; assistant proposed CHEM","Kept at its Stage 0 unit, a hand decision in program_code_maps.R; decided 2026-10-03."
CHE,,Chemical Engineering,CBE,,FALSE,,source_department,confirmed,"3344 rows as First Minor; Major; Second Major; source department ""Chem & Biological Engineering"" on 91% of primary-major rows",
CHED,,Community Health Education,HED,,FALSE,,source_department,confirmed,"1522 rows as First Minor; Major; Second Minor; source department ""Health Exercise & Sports Sci"" on 100% of primary-major rows; students take HED courses at 38.8x the overall rate (2439 enrolments)",
CHEM,,Chemistry,CHEM,,FALSE,,source_department,confirmed,"12552 rows as First Minor; Major; Second Major; Second Minor; source department ""Chemistry"" on 100% of primary-major rows",
CHIN,,Chinese,LCL,,FALSE,,subject_code,confirmed,334 rows as First Minor; Second Minor; course subject CHIN,
CHMS,,Chicano Hispano Mexicano ST,,,FALSE,,unresolved,proposed,1 rows as First Minor; no evidence settles the unit,
CHST,,Chicana/o Studies,CCS,,FALSE,,course_taking,proposed,41 rows as First Minor; Second Minor; students take CCS courses at 20.5x the overall rate (35 enrolments),
CJ,,Communication & Journalism,CJ,,FALSE,,subject_code,confirmed,480 rows as First Minor; Second Major; Second Minor; course subject CJ,
CLCS,,Comp Lit & Cultural Studies,LCL,,FALSE,,source_department,confirmed,"290 rows as First Minor; Major; Second Major; source department ""Foreign Languages Literatures"" on 100% of primary-major rows",
CLSC,,Clinical Laboratory Sciences,MEDL,,FALSE,,source_department,confirmed,"2 rows as Major; source department ""SOM Pathology Medical Lab Sci"" on 100% of primary-major rows",
CLST,,Classical Studies,LCL,,FALSE,,source_department,confirmed,"263 rows as First Minor; Major; Second Major; Second Minor; source department ""Foreign Languages Literatures"" on 100% of primary-major rows",
CMGT,,Construction Management,CE,,FALSE,,source_department,proposed,"4 rows as Major; source department ""Civil Engineering Civil Engr"" on 100% of primary-major rows",
CNST,,Construction Technology,CNST,,FALSE,,subject_code,confirmed,"7 rows as Major; source department ""Provost Branch Campuses"" on 100% of primary-major rows; course subject CNST",
COED,,Counselor Education,COUN,,FALSE,,source_department,confirmed,"264 rows as Major; source department ""Individual Fam Comm Educ IFCE"" on 100% of primary-major rows; unit named ""Counselor Education""",
COM,,Communication,CJ,,FALSE,,source_department,confirmed,"8576 rows as First Minor; Major; Second Major; Second Minor; source department ""Communication Journalism"" on 100% of primary-major rows",
COMH,,Community Health,HED,,FALSE,,course_taking,proposed,65 rows as First Minor; Second Minor; students take HED courses at 28.6x the overall rate (89 enrolments),
COMM,,Communications,CJ,,FALSE,,subject_code,confirmed,4 rows as Second Major; course subject COMM,
COMP,,Comparative Literature,LCL,,FALSE,,subject_code,confirmed,10 rows as First Minor; course subject COMP,
CONE,,Construction Engineering,CE,,FALSE,,source_department,confirmed,"118 rows as Major; Second Major; source department ""Civil Engineering Civil Engr"" on 100% of primary-major rows","Confirmed 2026-10-04: Construction Engineering, managed by the Department of Civil, Construction and Environmental Engineering in the School of Engineering."
CONM,,Construction Management,CE,,FALSE,,source_department,confirmed,"861 rows as First Minor; Major; Second Major; source department ""Civil Engineering Civil Engr"" on 100% of primary-major rows",
COUN,,Counseling,COUN,,FALSE,,source_department,confirmed,"1956 rows as Major; source department ""Individual Fam Comm Educ IFCE"" on 100% of primary-major rows; course subject COUN",
CPE,,Computer Engineering,CPE,,FALSE,,source_department,confirmed,"3339 rows as First Minor; Major; Second Major; Second Minor; source department ""Electrical Computer Engr"" on 100% of primary-major rows; course subject CPE",
CPPE,,Cognitive & Psych Proc in Ed,,,FALSE,,unresolved,proposed,3 rows as First Minor; Second Minor; no evidence settles the unit,
CRIM,,Criminology,SOCI,,FALSE,,source_department,confirmed,"8158 rows as First Minor; Major; Second Major; Second Minor; source department ""Sociology"" on 100% of primary-major rows",
CRIM,AD,Criminology,CJUS,,FALSE,,override,confirmed,"college AD carries CJUS today (17 rows), not SOCI",Carried from ad_major_to_dept at Stage 2.
CRJS,,Criminal Justice,CJUS,,FALSE,,subject_code,confirmed,"13 rows as Major; source department ""Provost Branch Campuses"" on 100% of primary-major rows; course subject CRJS",
CRP,,Community & Regional Planning,CRP,,FALSE,,source_department,confirmed,"1010 rows as First Minor; Major; Second Minor; source department ""School Architecture Planning"" on 100% of primary-major rows; course subject CRP",
CRWR,,Creative Writing,ENGL,,FALSE,,source_department,confirmed,"429 rows as Major; source department ""English"" on 100% of primary-major rows",
CS,,Computer Science,CS,,FALSE,,source_department,confirmed,"8363 rows as First Minor; Major; Second Major; Second Minor; source department ""Computer Science"" on 100% of primary-major rows",
CSCE,,Computational Science & Engin,CS,,FALSE,,decided,confirmed,"4 rows as Major; source department ""*Interdisciplinary:Engineering"" on 100% of primary-major rows; no evidence settles the unit; assistant proposed nothing","Kept at its Stage 0 unit, a hand decision in program_code_maps.R; decided 2026-10-03."
CSD,,Communication Sci & Disorders,SHS,,FALSE,,source_department,confirmed,"45 rows as Major; source department ""Speech & Hearing Sciences"" on 100% of primary-major rows",
CSHS,,Comm Safe & Human Security,,,FALSE,,unresolved,proposed,"1 rows as Major; source department ""Natl Security & Strat Analysis"" on 100% of primary-major rows; that department has no source_departments.csv row; no evidence settles the unit",
CTOM,,Computed Tomography,RADS,,FALSE,,source_department,confirmed,"24 rows as Major; source department ""Radiology"" on 100% of primary-major rows",
CTS,,Clinical Translational Science,CHEM,ME,FALSE,,decided,confirmed,"86 rows as Major; source department ""Biomedical Sci Grad Prg BSGP"" on 100% of primary-major rows; assistant proposed BIOM","Kept at its Stage 0 unit, a hand decision in program_code_maps.R; decided 2026-10-03. college_code ME proposed 2026-10-04: its majors are ME 100% (Banner Translated College, 65 rows); its unit CHEM is AS."
DANC,,Dance,DANC,,FALSE,,source_department,confirmed,"825 rows as First Minor; Major; Second Major; Second Minor; source department ""Theatre & Dance"" on 100% of primary-major rows; course subject DANC",
DAST,,Dental Assisting,DDM,,FALSE,,name_match,proposed,"1 rows as Major; source department ""Provost Branch Campuses"" on 100% of primary-major rows; unit named ""Dental Assisting""",
DEHY,,Dental Hygiene,DEHY,,FALSE,,source_department,confirmed,"3360 rows as Major; source department ""Surgery Dental Services"" on 100% of primary-major rows",
DEST,,Design Studies,,,FALSE,,unresolved,proposed,14 rows as First Minor; no evidence settles the unit,
DFP,,Design for Performance,THEA,,FALSE,,source_department,confirmed,"63 rows as First Minor; Major; Second Minor; source department ""Theatre & Dance"" on 100% of primary-major rows; students take THEA courses at 36.5x the overall rate (61 enrolments)",
DMA,,Digital Media Arts,DMA,,FALSE,,subject_code,confirmed,"3 rows as Major; source department ""Provost Branch Campuses"" on 100% of primary-major rows; course subject DMA",
DMPD,,Digital Music Prod & Design,MUS,,FALSE,,course_taking,proposed,11 rows as First Minor; students take MUS courses at 27.0x the overall rate (41 enrolments),
DRAM,,Dramatic Writing,THEA,,FALSE,,source_department,confirmed,"112 rows as Major; source department ""Theatre & Dance"" on 100% of primary-major rows; students take THEA courses at 143.8x the overall rate (206 enrolments)",
DSTF,,Distributed Minor in Fine Arts,,,FALSE,,unresolved,proposed,7 rows as First Minor; no evidence settles the unit,
DSTM,,Distributed Minor,CHEM,,FALSE,,course_taking,proposed,502 rows as First Minor; Second Minor; students take CHEM courses at 4.8x the overall rate (291 enrolments),
DTP,,Design & Tech for Performance,THEA,,FALSE,,source_department,confirmed,"329 rows as Major; source department ""Theatre & Dance"" on 100% of primary-major rows; students take THEA courses at 126.4x the overall rate (904 enrolments)",
EAST,,East Asian Studies,LCL,,FALSE,,source_department,confirmed,"391 rows as Major; Second Major; source department ""Foreign Languages Literatures"" on 100% of primary-major rows",
ECE,,Early Childhood Education,ECE,,FALSE,,subject_code,confirmed,4 rows as First Minor; course subject ECE,
ECED,,Early Childhood Education,ECED,,FALSE,,subject_code,confirmed,"21 rows as Major; source department ""Provost Branch Campuses"" on 100% of primary-major rows; course subject ECED",
ECME,,Early Childhood Multicult Ed,,,FALSE,,unresolved,proposed,"24 rows as Major; source department ""Individual Fam Comm Educ IFCE"" on 100% of primary-major rows; split department; none of FCS|NUTR|COUN fits; no evidence settles the unit",
ECON,,Economics,ECON,,FALSE,,source_department,confirmed,"4859 rows as First Minor; Major; Second Major; Second Minor; source department ""AS Economics"" on 100% of primary-major rows",
EDAG,,Educational Diagnosis,EDPY,,FALSE,,decided,confirmed,"753 rows as Major; source department ""Special Education"" on 100% of primary-major rows; students take SPED courses at 187.0x the overall rate (1356 enrolments); assistant proposed SPED","Kept at its Stage 0 unit, a hand decision in program_code_maps.R; decided 2026-10-03."
EDPY,,Educational Psychology,EDPY,,FALSE,,decided,confirmed,"615 rows as Major; source department ""Individual Fam Comm Educ IFCE"" on 100% of primary-major rows; students take FCS courses at 2.0x the overall rate (11 enrolments); assistant proposed FCS","Kept at its Stage 0 unit, a hand decision in program_code_maps.R; decided 2026-10-03."
EDST,,Education Studies,EDUC,,FALSE,,source_department,confirmed,"8 rows as Major; source department ""Dept Teacher Ed, Ed Lead & Pol"" on 100% of primary-major rows; students take EDUC courses at 70.6x the overall rate (16 enrolments)",
EDUC,,Education,EDUC,,FALSE,,source_department,confirmed,"397 rows as Major; source department ""Dept Teacher Ed, Ed Lead & Pol"" on 93% of primary-major rows; course subject EDUC",
EE,,Electrical Engineering,ECE,,FALSE,,source_department,confirmed,"4227 rows as First Minor; Major; Second Major; Second Minor; source department ""Electrical Computer Engr"" on 100% of primary-major rows; students take ECE courses at 48.9x the overall rate (7754 enrolments)",
ELED,,Elementary Education,EDUC,,FALSE,,source_department,confirmed,"4981 rows as Major; Second Major; source department ""Dept Teacher Ed, Ed Lead & Pol"" on 100% of primary-major rows; students take EDUC courses at 64.0x the overall rate (8652 enrolments)",
ELNG,,Educational Linguistics,LING,EH,FALSE,,decided,confirmed,"402 rows as Major; source department ""Lang Literacy Sociocultural LL"" on 100% of primary-major rows; assistant proposed LLSS","Kept at its Stage 0 unit, a hand decision in program_code_maps.R; decided 2026-10-03. college_code EH proposed 2026-10-04: its majors are EH 100% (Banner Translated College, 346 rows); its unit LING is AS."
ELTE,,Elementary Teacher Education,,,FALSE,,unresolved,proposed,"6 rows as Major; source department ""Provost Branch Campuses"" on 100% of primary-major rows; no evidence settles the unit",
EMBA,,Executive MBA Program,MGMT,,FALSE,,source_department,confirmed,"1059 rows as Major; source department ""Anderson School Management ASM"" on 100% of primary-major rows; students take MGMT courses at 14.1x the overall rate (1965 enrolments)",
EMBS,,Emergency Med Svcs EMT-Basic,,,FALSE,,unresolved,proposed,"2 rows as Major; source department ""Provost Branch Campuses"" on 100% of primary-major rows; no evidence settles the unit",
EMS,,Emergency Medical Services,EMS,,FALSE,,source_department,confirmed,"3398 rows as Major; source department ""Emergency Medicine"" on 99% of primary-major rows",
ENG,,Engineering,ENG,,FALSE,,subject_code,confirmed,"5145 rows as Major; source department ""*Interdisciplinary:Engineering"" on 100% of primary-major rows; course subject ENG",
ENGL,,English,ENGL,,FALSE,,source_department,confirmed,"2700 rows as First Minor; Major; Second Major; Second Minor; source department ""English"" on 100% of primary-major rows",
ENGP,,English-Philosophy,ENGL,,FALSE,,decided,confirmed,"176 rows as Major; Second Major; source department ""*Interdisciplinary: A.S."" on 100% of primary-major rows; students take PHIL courses at 23.1x the overall rate (160 enrolments); assistant proposed PHIL","Kept at its Stage 0 unit, a hand decision in program_code_maps.R; decided 2026-10-03."
ENGS,,English Studies,ENGL,,FALSE,,source_department,confirmed,"3069 rows as Major; Second Major; source department ""English"" on 100% of primary-major rows",
ENPD,,Environment Plan and Design,ENPD,,FALSE,,subject_code,confirmed,"8 rows as Major; source department ""Provost Branch Campuses"" on 100% of primary-major rows; course subject ENPD",
ENSC,,Environmental Science,EPS,,FALSE,,source_department,confirmed,"1029 rows as First Minor; Major; Second Major; Second Minor; source department ""Earth & Planetary Sciences"" on 100% of primary-major rows",
ENTS,,Entrepreneurship,ENTR,,FALSE,,name_match,proposed,"239 rows as First Minor; Major; Second Minor; source department ""Provost Branch Campuses"" on 100% of primary-major rows; unit named ""Entrepreneurship""",
ENVD,,Environmental Design,CRP,,FALSE,,source_department,confirmed,"1070 rows as Major; source department ""School Architecture Planning"" on 100% of primary-major rows; students take CRP courses at 142.5x the overall rate (1230 enrolments)",
ENVS,,Environmental Science,CRP,,FALSE,,course_taking,proposed,"316 rows as First Minor; Major; Second Minor; source department ""Provost Branch Campuses"" on 100% of primary-major rows; students take CRP courses at 12.4x the overall rate (38 enrolments)",
EPS,,Earth & Planetary Sciences,EPS,,FALSE,,source_department,confirmed,"2492 rows as First Minor; Major; Second Major; Second Minor; source department ""Earth & Planetary Sciences"" on 100% of primary-major rows",
ES,,Exercise Science,PHED,,FALSE,,source_department,confirmed,"2552 rows as Major; Second Major; source department ""Health Exercise & Sports Sci"" on 100% of primary-major rows; students take PHED courses at 20.5x the overall rate (5669 enrolments)",
ETAI,,Ethical AI for Autonomous Sys,,,FALSE,,unresolved,proposed,"3 rows as Major; source department ""*Interdisciplinary:Engineering"" on 100% of primary-major rows; no evidence settles the unit",
FA,,Fine Arts,,,FALSE,,unresolved,proposed,"15 rows as First Minor; Major; Second Minor; source department ""Provost Branch Campuses"" on 100% of primary-major rows; no evidence settles the unit",
FAFS,,Africana Studies,AFST,,TRUE,AFST,source_department,confirmed,"32 rows as Major; named Pre- on 88% of rows; source department ""African American Studies"" on 100% of primary-major rows",
FAHI,,Art History,ARTH,,TRUE,ARTH,source_department,confirmed,"217 rows as Major; named Pre- on 76% of rows; source department ""Art Art History"" on 100% of primary-major rows; unit named ""Art History""",
FAMS,,American Studies,AMST,,TRUE,AMST,source_department,confirmed,"88 rows as Major; named Pre- on 81% of rows; source department ""AS American Studies"" on 100% of primary-major rows",
FANT,,Anthropology,ANTH,,TRUE,ANTH,source_department,confirmed,"1098 rows as Major; named Pre- on 79% of rows; source department ""AS Anthropology"" on 100% of primary-major rows",
FARC,,Architecture,ARCH,,TRUE,ARCH,source_department,confirmed,"55 rows as Major; named Pre- on 65% of rows; source department ""School Architecture Planning"" on 100% of primary-major rows; unit named ""Architecture""",
FASP,,Astrophysics,PHYS,,TRUE,ASPH,source_department,confirmed,"596 rows as Major; named Pre- on 79% of rows; source department ""Physics Astronomy"" on 100% of primary-major rows",
FAST,,Art Studio,ARTS,,TRUE,ARTS,source_department,confirmed,"2243 rows as Major; named Pre- on 79% of rows; source department ""Art Art History"" on 100% of primary-major rows; unit named ""Art Studio""",
FAT,,Athletic Training,ATED,,TRUE,AT,decided,confirmed,"214 rows as Major; source department ""Health Exercise & Sports Sci"" on 100% of primary-major rows; students take PHED courses at 9.7x the overall rate (137 enrolments); assistant proposed PHED","Kept at its Stage 0 unit, a hand decision in program_code_maps.R; decided 2026-10-03."
FBAD,,Business Administration,MGMT,,TRUE,BADM,decided,confirmed,"20242 rows as Major; Second Major; named Pre- on 78% of rows; source department ""Anderson School Management ASM"" on 100% of primary-major rows; students take ACCT courses at 8.9x the overall rate (6151 enrolments); assistant proposed ACCT","Kept at its Stage 0 unit, a hand decision in program_code_maps.R; decided 2026-10-03."
FBIC,,Biochemistry,BIOC,,TRUE,BIOC,inherited,confirmed,"2728 rows as Major; named Pre- on 82% of rows; source department ""*Interdisciplinary: A.S."" on 100% of primary-major rows; leads to BIOC",
FBIO,,Biology,BIOL,,TRUE,BIOL,source_department,confirmed,"10234 rows as Major; named Pre- on 81% of rows; source department ""AS Biology"" on 100% of primary-major rows",
FCCS,,Chicana Chicano Studies,CCS,,TRUE,CCS,source_department,confirmed,"116 rows as Major; Second Major; named Pre- on 89% of rows; source department ""AS CHMS Program"" on 100% of primary-major rows",
FCE,,Civil Engineering,CE,,TRUE,CE,source_department,confirmed,"1923 rows as Major; named Pre- on 82% of rows; source department ""Civil Engineering Civil Engr"" on 100% of primary-major rows",
FCH,,Chemical Engineering,CBE,,TRUE,CHE,source_department,confirmed,"1642 rows as Major; named Pre- on 80% of rows; source department ""Chem & Biological Engineering"" on 96% of primary-major rows",
FCHB,,Chemical Biology,BIOL,,TRUE,CHBI,decided,confirmed,"42 rows as Major; named Pre- on 69% of rows; source department ""Chemistry"" on 100% of primary-major rows; assistant proposed CHEM","Kept at its Stage 0 unit, a hand decision in program_code_maps.R; decided 2026-10-03."
FCHE,,Community Health Education,HED,,TRUE,HED,source_department,confirmed,"351 rows as Major; named Pre- on 90% of rows; source department ""Health Exercise & Sports Sci"" on 100% of primary-major rows; students take HED courses at 51.7x the overall rate (823 enrolments)",
FCHM,,Chemistry,CHEM,,TRUE,CHEM,source_department,confirmed,"808 rows as Major; named Pre- on 81% of rows; source department ""Chemistry"" on 100% of primary-major rows",
FCLC,,Comp Lit & Cultural Stds,LCL,,TRUE,CLCS,source_department,confirmed,"34 rows as Major; named Pre- on 79% of rows; source department ""Foreign Languages Literatures"" on 100% of primary-major rows",
FCLS,,Classical Studies,LCL,,TRUE,CLST,source_department,confirmed,"59 rows as Major; named Pre- on 81% of rows; source department ""Foreign Languages Literatures"" on 100% of primary-major rows",
FCOE,,Construction Engineering,CE,,TRUE,CONE,source_department,proposed,"188 rows as Major; named Pre- on 80% of rows; source department ""Civil Engineering Civil Engr"" on 100% of primary-major rows",
FCOM,,Communication,CJ,,TRUE,COM,source_department,confirmed,"1303 rows as Major; named Pre- on 84% of rows; source department ""Communication Journalism"" on 100% of primary-major rows",
FCON,,Construction Management,CE,,TRUE,CE,source_department,confirmed,"821 rows as Major; named Pre- on 78% of rows; source department ""Civil Engineering Civil Engr"" on 100% of primary-major rows",
FCP,,Computer Engineering,CPE,,TRUE,CPE,source_department,confirmed,"1676 rows as Major; named Pre- on 79% of rows; source department ""Electrical Computer Engr"" on 100% of primary-major rows; unit named ""Computer Engineering""",
FCRI,,Criminology,SOCI,,TRUE,CRIM,source_department,confirmed,"4189 rows as Major; named Pre- on 81% of rows; source department ""Sociology"" on 100% of primary-major rows",
FCS,,Computer Science,CS,,TRUE,CS,source_department,confirmed,"6121 rows as Major; named Pre- on 80% of rows; source department ""Computer Science"" on 100% of primary-major rows",
FCST,,Family & Child Studies,FCS,,FALSE,,source_department,confirmed,"3617 rows as First Minor; Major; Second Major; Second Minor; source department ""Individual Fam Comm Educ IFCE"" on 100% of primary-major rows; course subject FCST",
FDAN,,Dance,DANC,,TRUE,DANC,source_department,confirmed,"295 rows as Major; named Pre- on 80% of rows; source department ""Theatre & Dance"" on 100% of primary-major rows; unit named ""Dance""",
FDEH,,Dental Hygiene,DEHY,,TRUE,DEHY,source_department,confirmed,"197 rows as Major; source department ""Surgery Dental Services"" on 100% of primary-major rows",
FDMA,,Film and Digital Arts,FDMA,,FALSE,,source_department,confirmed,"5432 rows as First Minor; Major; Second Major; Second Minor; source department ""Film and Digital Arts"" on 100% of primary-major rows",
FDTP,,Design & Tech for Perform,THEA,,TRUE,THEA,source_department,confirmed,"203 rows as Major; named Pre- on 75% of rows; source department ""Theatre & Dance"" on 100% of primary-major rows; students take THEA courses at 77.8x the overall rate (438 enrolments)",
FEAS,,East Asian Studies,LCL,,TRUE,EAST,source_department,confirmed,"182 rows as Major; named Pre- on 84% of rows; source department ""Foreign Languages Literatures"" on 100% of primary-major rows",
FECO,,Economics,ECON,,TRUE,ECON,source_department,confirmed,"749 rows as Major; named Pre- on 80% of rows; source department ""AS Economics"" on 100% of primary-major rows",
FEE,,Electrical Engineering,ECE,,TRUE,EE,source_department,confirmed,"2117 rows as Major; named Pre- on 75% of rows; source department ""Electrical Computer Engr"" on 100% of primary-major rows; students take ECE courses at 13.9x the overall rate (1928 enrolments)","Pre Electrical Engineering (BSEE-FEE-EN), leading to the BSEE degree, EE (BSEE-EE-EN). leads_to corrected 2026-10-09 from ECE, the department code copied from premaj_canon, which as a program code is Early Childhood Education."
FELE,,Elementary Education,EDUC,,TRUE,EDUC,source_department,confirmed,"3605 rows as Major; named Pre- on 82% of rows; source department ""Dept Teacher Ed, Ed Lead & Pol"" on 100% of primary-major rows; students take EDUC courses at 8.9x the overall rate (1251 enrolments)",
FEMS,,Emergency Medical Services,EMS,,TRUE,EMS,source_department,confirmed,"157 rows as Major; source department ""Emergency Medicine"" on 100% of primary-major rows",
FENP,,English-Philosophy,ENGL,,TRUE,ENGP,decided,confirmed,"123 rows as Major; named Pre- on 80% of rows; source department ""*Interdisciplinary: A.S."" on 100% of primary-major rows; leads to ENGP; assistant proposed PHIL","Kept at its Stage 0 unit, a hand decision in program_code_maps.R; decided 2026-10-03."
FENS,,English Studies,ENGL,,TRUE,ENGS,source_department,confirmed,"1878 rows as Major; Second Major; named Pre- on 85% of rows; source department ""English"" on 100% of primary-major rows",
FENV,,Environmental Design,CRP,,TRUE,ENVD,inherited,confirmed,"6 rows as Major; named Pre- on 83% of rows; source department ""School Architecture Planning"" on 100% of primary-major rows; split department; none of ARCH|CRP|LA fits; leads to ENVD",
FEPS,,Earth & Planetary Sciences,EPS,,TRUE,EPS,source_department,confirmed,"558 rows as Major; Second Major; named Pre- on 78% of rows; source department ""Earth & Planetary Sciences"" on 100% of primary-major rows",
FES,,Exercise Science,PHED,,TRUE,ES,source_department,confirmed,"5055 rows as Major; named Pre- on 79% of rows; source department ""Health Exercise & Sports Sci"" on 100% of primary-major rows; students take PHED courses at 7.0x the overall rate (5389 enrolments)",Pre-major by its F code; decided 2026-10-03 over mixed Pre- names and pre_major_exempt_codes (ISSUES I9).
FESC,,Environmental Science,EPS,,TRUE,ENSC,source_department,confirmed,"1010 rows as Major; named Pre- on 82% of rows; source department ""Earth & Planetary Sciences"" on 100% of primary-major rows",
FFCS,,Family & Child Studies,FCS,,TRUE,FCST,source_department,confirmed,"1865 rows as Major; named Pre- on 83% of rows; source department ""Individual Fam Comm Educ IFCE"" on 100% of primary-major rows; unit named ""Family & Child Studies""","Pre Family & Child Studies (BS-FFCS-EH; -ED before Fall 2021), leading to the FCST degree. leads_to corrected 2026-10-09 from FCS, the department code copied from premaj_canon, which as a program code is pre-Computer Science."
FFDA,,FDMA,FDMA,,TRUE,FDMA,source_department,confirmed,"4410 rows as Major; named Pre- on 78% of rows; source department ""Film and Digital Arts"" on 100% of primary-major rows",Pre-major by its F code; decided 2026-10-03 over mixed Pre- names and pre_major_exempt_codes (ISSUES I9).
FFDM,,IFDM,FDMA,,TRUE,FDMA,course_taking,confirmed,"323 rows as Major; source department ""*Interdisciplinary: Fine Arts"" on 100% of primary-major rows; students take FDMA courses at 23.0x the overall rate (154 enrolments)",
FFRE,,French,LCL,,TRUE,FREN,source_department,confirmed,"30 rows as Major; named Pre- on 83% of rows; source department ""Foreign Languages Literatures"" on 100% of primary-major rows",
FGEO,,Geography,GES,,TRUE,GEOG,source_department,confirmed,"398 rows as Major; named Pre- on 82% of rows; source department ""Geography"" on 100% of primary-major rows",
FGRM,,German,LCL,,TRUE,GRMN,source_department,confirmed,"23 rows as Major; Second Major; named Pre- on 83% of rows; source department ""Foreign Languages Literatures"" on 100% of primary-major rows",
FHED,,Health Education,HED,,TRUE,HED,source_department,confirmed,"39 rows as Major; source department ""Health Exercise & Sports Sci"" on 100% of primary-major rows; unit named ""Health Education""",
FHIL,,Hon Interdisc Lib Arts,HNRS,,TRUE,,source_department,confirmed,"27 rows as Major; named Pre- on 56% of rows; source department ""UNM Honors Program"" on 100% of primary-major rows",
FHIS,,History,HIST,,TRUE,HIST,source_department,confirmed,"866 rows as Major; named Pre- on 82% of rows; source department ""History"" on 100% of primary-major rows",
FIDA,,Interdisciplinary Arts,FDMA,,TRUE,FDMA,decided,confirmed,"628 rows as Major; named Pre- on 79% of rows; source department ""*Interdisciplinary: Fine Arts"" on 97% of primary-major rows; leads to IDAR; assistant proposed ALBS",Pre-major by its F code; decided 2026-10-03 over mixed Pre- names and pre_major_exempt_codes (ISSUES I9).
FILA,,Interdisc Liberal Arts,HNRS,,TRUE,IDLA,source_department,confirmed,"5 rows as Major; source department ""UNM Honors Program"" on 100% of primary-major rows",
FILM,,Film,FDMA,,FALSE,,course_taking,confirmed,28 rows as First Minor; students take FDMA courses at 8.9x the overall rate (24 enrolments),
FING,,Integrative Studies,LAIS,,TRUE,,source_department,confirmed,"14 rows as Major; source department ""UC Bachelor University Studies"" on 100% of primary-major rows","Pre-major for the Bachelor of Integrative Studies (BIS-FING-US), Fall 2018 to Spring 2020. BIS has no code in the data, so leads_to is blank (it said INGV, Valencia's associate degree); BISI (INGI) appears to have replaced BIS. Confirmed 2026-10-09."
FINN,,Integrativ Studies & Innov,LAIS,,TRUE,INGI,source_department,confirmed,"20 rows as Major; source department ""UC Bachelor University Studies"" on 100% of primary-major rows","Pre-major for the Bachelor of Integrative Studies & Innovation (BISI-FINN-US, beside INGI's BISI-INGI-US), Spring 2020 to Fall 2022. Confirmed 2026-10-09, with leads_to INGI added."
FINT,,International Studies,ISI,,TRUE,INTS,inherited,confirmed,"628 rows as Major; named Pre- on 86% of rows; source department ""*Interdisciplinary: A.S."" on 100% of primary-major rows; leads to INTS",
FISC,,Fire Science,FISC,,TRUE,,subject_code,confirmed,"4 rows as Major; source department ""Provost Branch Campuses"" on 100% of primary-major rows; course subject FISC",
FITT,,Instructional Tech & Trng,IADL,,TRUE,ITT,decided,confirmed,"13 rows as Major; named Pre- on 92% of rows; source department ""Organization Info Learning Sci"" on 100% of primary-major rows; students take OILS courses at 221.9x the overall rate (15 enrolments); assistant proposed OILS","Kept at its Stage 0 unit, a hand decision in program_code_maps.R; decided 2026-10-03. leads_to ITT by hand: XITT, which the assistant chose, is the accelerated-online version."
FJMC,,Journalism & Mass Comm,CJ,,TRUE,JRMC,source_department,confirmed,"1242 rows as Major; named Pre- on 78% of rows; source department ""Communication Journalism"" on 100% of primary-major rows",
FLA,,Flamenco,DANC,,FALSE,,course_taking,proposed,37 rows as First Minor; Second Minor; students take DANC courses at 35.6x the overall rate (23 enrolments),
FLAI,,Lib Arts & Integrt Studies,LAIS,,TRUE,LAIS,source_department,confirmed,"628 rows as Major; named Pre- on 47% of rows; source department ""UC Bachelor University Studies"" on 100% of primary-major rows",Pre-major by its F code; decided 2026-10-03 over mixed Pre- names and pre_major_exempt_codes (ISSUES I9).
FLHC,,Film Hist & Critic,FDMA,,FALSE,,course_taking,proposed,170 rows as First Minor; Second Minor; students take FDMA courses at 13.4x the overall rate (217 enrolments),
FLIB,,Liberal Arts,LAIS,,TRUE,LIBA,source_department,confirmed,"1676 rows as Major; named Pre- on 97% of rows; source department ""UC Bachelor University Studies"" on 100% of primary-major rows","Confirmed 2026-10-04: accepted the suggestion from Banner's own department. Pre-Liberal Arts, leading to LIBA (LAIS)."
FLIN,,Linguistics,LING,,TRUE,LING,source_department,confirmed,"303 rows as Major; named Pre- on 81% of rows; source department ""AS Linguistics"" on 100% of primary-major rows",
FLNG,,Languages,LCL,,TRUE,LANG,source_department,confirmed,"238 rows as Major; named Pre- on 86% of rows; source department ""Foreign Languages Literatures"" on 100% of primary-major rows",
FLPR,,Film Production,FDMA,,FALSE,,course_taking,proposed,116 rows as First Minor; Second Minor; students take FDMA courses at 10.8x the overall rate (124 enrolments),
FLTA,,Latin American Studies,LTAM,,TRUE,LTAM,inherited,confirmed,"26 rows as Major; named Pre- on 92% of rows; source department ""*Interdisciplinary: A.S."" on 100% of primary-major rows; leads to LTAM",
FMAR,,Media Arts,FDMA,,TRUE,FDMA,source_department,confirmed,"91 rows as Major; source department ""Film and Digital Arts"" on 100% of primary-major rows",
FMAT,,Mathematics,MATH,,TRUE,MATH,source_department,confirmed,"550 rows as Major; named Pre- on 82% of rows; source department ""Mathematics Statistics"" on 100% of primary-major rows",
FMCO,,Mass Communication,CJ,,TRUE,,source_department,confirmed,"1 rows as Major; source department ""Communication Journalism"" on 100% of primary-major rows",
FMDL,,Medical Laboratory Science,MEDL,,TRUE,MEDL,source_department,confirmed,"103 rows as Major; source department ""SOM Pathology Medical Lab Sci"" on 100% of primary-major rows",
FME,,Mechanical Engineering,ME,,TRUE,ME,source_department,confirmed,"5424 rows as Major; named Pre- on 78% of rows; source department ""SOE Mechanical Engineering"" on 100% of primary-major rows",
FMST,,Family Studies,FCS,,TRUE,,course_taking,proposed,46 rows as First Minor; students take FCS courses at 35.2x the overall rate (29 enrolments),
FMUE,,Music Education,MUS,,TRUE,MUS,source_department,confirmed,"633 rows as Major; named Pre- on 80% of rows; source department ""Music"" on 100% of primary-major rows",
FMUS,,Music,MUS,,TRUE,MUS,source_department,confirmed,"827 rows as Major; named Pre- on 77% of rows; source department ""Music"" on 100% of primary-major rows",
FNAP,,Nursing,NURS,,TRUE,NURS,source_department,confirmed,"145 rows as Major; named Pre- on 83% of rows; source department ""College of Nursing"" on 100% of primary-major rows",
FNAT,,Native American Studies,NATV,,TRUE,NATV,source_department,confirmed,"190 rows as Major; named Pre- on 86% of rows; source department ""Native American Studies"" on 87% of primary-major rows",
FNDI,,Nutrition/Dietetics,NUTR,,TRUE,NDIT,source_department,confirmed,"860 rows as Major; named Pre- on 89% of rows; source department ""Individual Fam Comm Educ IFCE"" on 100% of primary-major rows; students take NUTR courses at 15.4x the overall rate (316 enrolments)",
FNE,,Nuclear Engineering,NE,,TRUE,NE,source_department,confirmed,"1009 rows as Major; named Pre- on 80% of rows; source department ""Nuclear Engineering"" on 91% of primary-major rows",Pre-major by its F code; decided 2026-10-03 over mixed Pre- names and pre_major_exempt_codes (ISSUES I9).
FNRS,,Nursing,NURS,,TRUE,NURS,source_department,confirmed,"2450 rows as Major; named Pre- on 68% of rows; source department ""College of Nursing"" on 100% of primary-major rows",
FOAN,,Forensic Anthropology,ANTH,,TRUE,,course_taking,confirmed,188 rows as First Minor; Second Minor; students take ANTH courses at 14.1x the overall rate (202 enrolments),
FORS,,Forensic Science,FORS,,TRUE,,subject_code,confirmed,791 rows as First Minor; Second Minor; course subject FORS,
FPAP,,Physics & Astrophysics,PHYS,,TRUE,PAP,source_department,confirmed,"83 rows as Major; named Pre- on 67% of rows; source department ""Physics Astronomy"" on 100% of primary-major rows",
FPE,,Physical Education,PHED,,TRUE,PE,source_department,confirmed,"420 rows as Major; named Pre- on 81% of rows; source department ""Health Exercise & Sports Sci"" on 100% of primary-major rows; unit named ""Physical Education""",Pre-major by its F code; decided 2026-10-03 over mixed Pre- names and pre_major_exempt_codes (ISSUES I9).
FPHI,,Philosophy,PHIL,,TRUE,PHIL,source_department,confirmed,"488 rows as Major; named Pre- on 80% of rows; source department ""Philosophy"" on 100% of primary-major rows",
FPHS,,Pharmaceutical Sciences,PHRM,,TRUE,PHRS,source_department,confirmed,"65 rows as Major; named Pre- on 65% of rows; source department ""College of Pharmacy"" on 100% of primary-major rows",
FPHY,,Physics,PHYS,,TRUE,PHYC,source_department,confirmed,"453 rows as Major; named Pre- on 78% of rows; source department ""Physics Astronomy"" on 100% of primary-major rows",
FPMD,,Doctor of Pharmacy,PHRM,,TRUE,PHRD,source_department,confirmed,"384 rows as Major; named Pre- on 70% of rows; source department ""College of Pharmacy"" on 100% of primary-major rows",
FPOH,,Population Health,HSCI,,TRUE,POHE,source_department,confirmed,"431 rows as Major; named Pre- on 80% of rows; source department ""College of Population Health"" on 100% of primary-major rows",
FPOL,,Political Science,POLS,,TRUE,POLS,source_department,confirmed,"2385 rows as Major; named Pre- on 82% of rows; source department ""Political Science"" on 100% of primary-major rows",
FPOR,,Portuguese,SPAN,,TRUE,PORT,source_department,confirmed,"7 rows as Major; named Pre- on 43% of rows; source department ""Spanish Portuguese"" on 100% of primary-major rows",
FPSY,,Psychology,PSYC,,TRUE,PSY,source_department,confirmed,"8525 rows as Major; Second Major; named Pre- on 80% of rows; source department ""Psychology"" on 100% of primary-major rows",
FRAD,,Radiologic Sciences,RADS,,TRUE,RADS,source_department,confirmed,"236 rows as Major; source department ""Radiology"" on 100% of primary-major rows",
FREN,,French,LCL,,FALSE,,source_department,confirmed,"806 rows as First Minor; Major; Second Major; Second Minor; source department ""Foreign Languages Literatures"" on 100% of primary-major rows",
FRLS,,Religious Studies,RELG,,TRUE,RLST,source_department,confirmed,"129 rows as Major; named Pre- on 81% of rows; source department ""Religious Studies Prgm"" on 100% of primary-major rows",
FRST,,French Studies,LCL,,FALSE,,source_department,confirmed,"26 rows as Major; source department ""Foreign Languages Literatures"" on 100% of primary-major rows",
FRTE,,Art Education,ARTS,,TRUE,ARTE,source_department,confirmed,"428 rows as Major; named Pre- on 82% of rows; source department ""Art Art History"" on 100% of primary-major rows; students take ARTS courses at 20.5x the overall rate (718 enrolments)",
FRUS,,Russian,LCL,,TRUE,RUSL,source_department,confirmed,"36 rows as Major; named Pre- on 75% of rows; source department ""Foreign Languages Literatures"" on 100% of primary-major rows",
FS,,Family Studies,FCS,,FALSE,,source_department,confirmed,"99 rows as First Minor; Major; Second Major; source department ""Individual Fam Comm Educ IFCE"" on 100% of primary-major rows; students take FCS courses at 107.7x the overall rate (66 enrolments)","Confirmed 2026-10-04: accepted the suggestion from Banner's own department. Family Studies, in Banner's IFCE department."
FSEC,,Secondary Education,EDUC,,TRUE,SED,source_department,confirmed,"2421 rows as Major; named Pre- on 82% of rows; source department ""Dept Teacher Ed, Ed Lead & Pol"" on 100% of primary-major rows; students take EDUC courses at 1.4x the overall rate (134 enrolments)",
FSHS,,Speech & Hearing Sciences,SHS,,TRUE,SHS,source_department,confirmed,"630 rows as Major; named Pre- on 85% of rows; source department ""Speech & Hearing Sciences"" on 100% of primary-major rows",
FSIG,,Signed Language Interpret,LING,,TRUE,SIGN,source_department,confirmed,"657 rows as Major; named Pre- on 82% of rows; source department ""AS Linguistics"" on 100% of primary-major rows",
FSOC,,Sociology,SOCI,,TRUE,SOC,source_department,confirmed,"1206 rows as Major; Second Major; named Pre- on 79% of rows; source department ""Sociology"" on 100% of primary-major rows",
FSPA,,Spanish,SPAN,,TRUE,SPAN,source_department,confirmed,"196 rows as Major; Second Major; named Pre- on 86% of rows; source department ""Spanish Portuguese"" on 100% of primary-major rows",
FSPC,,Special Education,SPED,,TRUE,SPCD,source_department,confirmed,"695 rows as Major; named Pre- on 81% of rows; source department ""Special Education"" on 100% of primary-major rows; unit named ""Special Education""",
FSTA,,Statistics,MATH,,TRUE,STAT,source_department,confirmed,"191 rows as Major; named Pre- on 82% of rows; source department ""Mathematics Statistics"" on 100% of primary-major rows",
FTHR,,Theatre,THEA,,TRUE,THEA,source_department,confirmed,"532 rows as Major; named Pre- on 80% of rows; source department ""Theatre & Dance"" on 100% of primary-major rows; unit named ""Theatre""",
FWGS,,"Wmn, Gndr, Sexlty Studies",WGSS,,TRUE,WGSS,source_department,confirmed,"46 rows as Major; named Pre- on 80% of rows; source department ""Women Studies"" on 100% of primary-major rows",
FWMS,,Women Studies,WGSS,,TRUE,WMST,source_department,confirmed,"42 rows as Major; source department ""Women Studies"" on 100% of primary-major rows",
GAMG,,Gaming,CS,,FALSE,,course_taking,proposed,223 rows as First Minor; Second Minor; students take CS courses at 23.0x the overall rate (327 enrolments),
GDS,,Game Design and Simulation,,,FALSE,,unresolved,proposed,"3 rows as Major; source department ""Provost Branch Campuses"" on 100% of primary-major rows; no evidence settles the unit",
GEOG,,Geography,GES,,FALSE,,source_department,confirmed,"1607 rows as First Minor; Major; Second Major; Second Minor; source department ""Geography"" on 100% of primary-major rows",
GERS,,German Studies,LCL,,FALSE,,source_department,confirmed,"97 rows as Major; Second Major; source department ""Foreign Languages Literatures"" on 100% of primary-major rows",
GESP,,Geography,GES,,FALSE,,source_department,confirmed,"212 rows as Major; source department ""Geography"" on 100% of primary-major rows",
GIS,,Geographic Info Science,GES,,FALSE,,course_taking,confirmed,209 rows as First Minor; Second Minor; students take GES courses at 31.1x the overall rate (193 enrolments),
GLNS,,Global and National Security,GLNS,,FALSE,,source_department,confirmed,"593 rows as Major; source department ""Global & National Security Prg"" on 100% of primary-major rows",
GLPO,,Global & Nat Security Policy,GLNS,,FALSE,,source_department,confirmed,"2 rows as Major; source department ""Global & National Security Prg"" on 100% of primary-major rows",
GNST,,General Studies,GNST,,FALSE,,subject_code,confirmed,"76 rows as Major; source department ""Provost Branch Campuses"" on 100% of primary-major rows; course subject GNST",
GREK,,Greek,LCL,,FALSE,,subject_code,confirmed,2 rows as First Minor; course subject GREK,
GRMN,,German,LCL,,FALSE,,source_department,confirmed,"525 rows as First Minor; Major; Second Major; Second Minor; source department ""Foreign Languages Literatures"" on 100% of primary-major rows",
GSCI,,General Science,BIOL,,FALSE,,course_taking,proposed,"169 rows as Major; source department ""Provost Branch Campuses"" on 100% of primary-major rows; students take BIOL courses at 4.2x the overall rate (146 enrolments)",
HDFR,,Human Devel & Family Relations,FCS,,FALSE,,decided,confirmed,"5 rows as Major; Second Major; source department ""Individual Fam Comm Educ IFCE"" on 100% of primary-major rows; split department; none of FCS|NUTR|COUN fits; no evidence settles the unit; assistant proposed nothing","Kept at its Stage 0 unit, a hand decision in program_code_maps.R; decided 2026-10-03."
HED,,Health Education,HED,,FALSE,,source_department,confirmed,"296 rows as First Minor; Major; Second Minor; source department ""Health Exercise & Sports Sci"" on 99% of primary-major rows; course subject HED",
HES,,Health Equity Sciences,HSCI,,FALSE,,source_department,confirmed,"111 rows as Major; source department ""College of Population Health"" on 100% of primary-major rows",
HHHA,,Holistic Health & Healing Arts,,,FALSE,,unresolved,proposed,"2 rows as Major; source department ""Provost Branch Campuses"" on 100% of primary-major rows; no evidence settles the unit",
HILA,,Hon Interdisc Liberal Arts,HNRS,,FALSE,,source_department,confirmed,"2345 rows as First Minor; Major; Second Major; Second Minor; source department ""UNM Honors Program"" on 100% of primary-major rows",
HIST,,History,HIST,,FALSE,,source_department,confirmed,"5268 rows as First Minor; Major; Second Major; Second Minor; source department ""History"" on 100% of primary-major rows",
HIT,,Health Information Technology,,,FALSE,,unresolved,proposed,"7 rows as Major; source department ""Provost Branch Campuses"" on 100% of primary-major rows; no evidence settles the unit",
HLAD,,Health Administration,PADM,,FALSE,,source_department,confirmed,"1000 rows as Major; source department ""School of Public Admin"" on 100% of primary-major rows",
HMHV,,"Health,Medicine & Human Values",HMHV,,FALSE,,subject_code,confirmed,"2792 rows as First Minor; Major; Second Major; Second Minor; source department ""*Interdisciplinary: A.S."" on 100% of primary-major rows; course subject HMHV",
HPR,,Historic Preservation & Region,ARCH,,FALSE,,decided,confirmed,"121 rows as Major; source department ""School Architecture Planning"" on 100% of primary-major rows; students take LA courses at 247.1x the overall rate (27 enrolments); assistant proposed LA","Kept at its Stage 0 unit, a hand decision in program_code_maps.R; decided 2026-10-03."
HS,,Human Services,HS,,FALSE,,subject_code,confirmed,2204 rows as First Minor; Second Minor; course subject HS,
IDAR,,Interdisciplinary Arts,FDMA,,FALSE,,decided,confirmed,"764 rows as Major; Second Major; source department ""*Interdisciplinary: Fine Arts"" on 97% of primary-major rows; students take ALBS courses at 60.2x the overall rate (205 enrolments); assistant proposed ALBS","Kept at its Stage 0 unit, a hand decision in program_code_maps.R; decided 2026-10-03."
IDDS,,Interdisciplinary Design,HNRS,,FALSE,,source_department,proposed,"19 rows as Major; source department ""UNM Honors Program"" on 100% of primary-major rows",
IDLA,,Interdisc Liberal Arts,HNRS,,FALSE,,source_department,confirmed,"976 rows as First Minor; Major; Second Minor; source department ""UNM Honors Program"" on 100% of primary-major rows",
IDST,,Interdisciplinary Studies,HNRS,,FALSE,,course_taking,proposed,230 rows as First Minor; Second Minor; students take HNRS courses at 25.9x the overall rate (60 enrolments),
IFDM,,Interdisc Film & Digital Media,FDMA,,FALSE,,course_taking,confirmed,"686 rows as First Minor; Major; source department ""*Interdisciplinary: Fine Arts"" on 53% of primary-major rows; too mixed to settle the unit; students take FDMA courses at 35.1x the overall rate (686 enrolments)",
INCS,,Info Tech with Cybersecurity,,,FALSE,,unresolved,proposed,"2 rows as Major; source department ""Provost Branch Campuses"" on 100% of primary-major rows; no evidence settles the unit",
INGI,,Integrative Studies & Innov,LAIS,,FALSE,,source_department,confirmed,"346 rows as First Minor; Major; source department ""UC Bachelor University Studies"" on 100% of primary-major rows","Bachelor of Integrative Studies & Innovation (BISI-INGI-US), University College; 63 degrees awarded. Its pre-major is FINN; the older Bachelor of Integrative Studies (FING, to Spring 2020) looks like its predecessor. Confirmed 2026-10-09."
INGV,,Integrative Studies,CJ,,FALSE,,course_taking,proposed,"217 rows as First Minor; Major; Second Minor; source department ""Provost Branch Campuses"" on 100% of primary-major rows; students take CJ courses at 4.1x the overall rate (58 enrolments)",
INT,,International Management,,,FALSE,,unresolved,proposed,65 rows as First Minor; Second Minor; no evidence settles the unit,
INTS,,International Studies,ISI,,FALSE,,subject_code,confirmed,"1916 rows as First Minor; Major; Second Major; Second Minor; source department ""*Interdisciplinary: A.S."" on 100% of primary-major rows; course subject INTS",
ISA,,Info Systems & Assurance,MGMT,,FALSE,,source_department,confirmed,"977 rows as Major; Second Major; source department ""Anderson School Management ASM"" on 100% of primary-major rows; students take MGMT courses at 13.2x the overall rate (1337 enrolments)",
IT,,Information Technology,IT,,FALSE,,subject_code,confirmed,"10 rows as Major; source department ""Provost Branch Campuses"" on 100% of primary-major rows; course subject IT",
ITAL,,Italian,LCL,,FALSE,,subject_code,confirmed,26 rows as First Minor; Second Minor; course subject ITAL,
ITT,,Instructional Tech & Training,IADL,,FALSE,,decided,confirmed,"673 rows as First Minor; Major; Second Minor; source department ""Organization Info Learning Sci"" on 100% of primary-major rows; students take OILS courses at 174.6x the overall rate (1058 enrolments); assistant proposed OILS","Kept at its Stage 0 unit, a hand decision in program_code_maps.R; decided 2026-10-03."
JAPN,,Japanese,LCL,,FALSE,,subject_code,confirmed,587 rows as First Minor; Second Minor; course subject JAPN,
JOUR,,Journalism,CJ,,FALSE,,subject_code,confirmed,32 rows as First Minor; Second Major; course subject JOUR,
JRMC,,Journalism & Mass Comm,CJ,,FALSE,,source_department,confirmed,"2045 rows as First Minor; Major; Second Major; Second Minor; source department ""Communication Journalism"" on 100% of primary-major rows",
LA,,Landscape Architecture,LA,,FALSE,,source_department,confirmed,"563 rows as First Minor; Major; Second Minor; source department ""School Architecture Planning"" on 100% of primary-major rows; course subject LA",
LAIS,,Liberal Arts & Integrative Stu,LAIS,,FALSE,,source_department,confirmed,"2014 rows as First Minor; Major; Second Minor; source department ""UC Bachelor University Studies"" on 100% of primary-major rows",
LANG,,Languages,LCL,,FALSE,,source_department,confirmed,"598 rows as First Minor; Major; Second Major; Second Minor; source department ""Foreign Languages Literatures"" on 100% of primary-major rows",
LART,,Liberal Art,LART,,FALSE,,subject_code,confirmed,"171 rows as Major; source department ""Provost Branch Campuses"" on 100% of primary-major rows; course subject LART",
LATN,,Latin,LCL,,FALSE,,subject_code,confirmed,38 rows as First Minor; Second Minor; course subject LATN,
LAW,,Law,LAW,,FALSE,,source_department,confirmed,"6683 rows as Major; source department ""School of Law Administration"" on 100% of primary-major rows",
LBSC,,Library Science,,,FALSE,,unresolved,proposed,1 rows as First Minor; no evidence settles the unit,
LEAD,,Educational Leadership,LEAD,,FALSE,,source_department,confirmed,"2590 rows as First Minor; Major; source department ""Dept Teacher Ed, Ed Lead & Pol"" on 96% of primary-major rows; course subject LEAD",
LENG,,Law Environment & Geography,GES,,FALSE,,source_department,confirmed,"55 rows as First Minor; Major; Second Minor; source department ""Geography"" on 100% of primary-major rows","Undergraduate minor (2018-19 catalog) and graduate certificate (2021-22 catalog), both GES. One MSL student carries LENG as a major in Fall 2020, possibly the certificate; no GCERT program code appears. No holders since Spring 2025. Confirmed 2026-10-09."
LIBA,,Liberal Arts,LAIS,,FALSE,,source_department,confirmed,"7127 rows as Major; Second Major; source department ""UC Bachelor University Studies"" on 100% of primary-major rows",
LING,,Linguistics,LING,,FALSE,,source_department,confirmed,"2194 rows as First Minor; Major; Second Major; Second Minor; source department ""AS Linguistics"" on 100% of primary-major rows",
LLSS,,"Lang, Literacy & Sociocult St",LLSS,,FALSE,,source_department,confirmed,"1867 rows as Major; source department ""Lang Literacy Sociocultural LL"" on 100% of primary-major rows",
LTAM,,Latin American Studies,LTAM,,FALSE,,subject_code,confirmed,"602 rows as First Minor; Major; Second Major; Second Minor; source department ""*Interdisciplinary: A.S."" on 100% of primary-major rows; course subject LTAM",
MA,,Media Arts,FDMA,,FALSE,,source_department,confirmed,"370 rows as First Minor; Major; source department ""Film and Digital Arts"" on 100% of primary-major rows",
MATH,,Mathematics,MATH,,FALSE,,source_department,confirmed,"6369 rows as First Minor; Major; Second Major; Second Minor; source department ""Mathematics Statistics"" on 100% of primary-major rows",
MCH,,Maternal Child Health,HSCI,,FALSE,,source_department,confirmed,"325 rows as First Minor; Major; Second Minor; source department ""College of Population Health"" on 100% of primary-major rows",
MCTC,,M-CULT Teacher & Childhood Ed,EDUC,,FALSE,,source_department,confirmed,"64 rows as Major; source department ""Dept Teacher Ed, Ed Lead & Pol"" on 100% of primary-major rows; students take EDUC courses at 98.3x the overall rate (41 enrolments)",
MDLA,,Medical Lab Technology,,,FALSE,,unresolved,proposed,"6 rows as Major; source department ""Provost Branch Campuses"" on 100% of primary-major rows; no evidence settles the unit",
MDRC,,Medical Records Coding,HCHT,,FALSE,,decided,confirmed,"1 rows as Major; source department ""Provost Branch Campuses"" on 100% of primary-major rows; no evidence settles the unit; assistant proposed nothing","Kept at its Stage 0 unit, a hand decision in program_code_maps.R; decided 2026-10-03."
MDVL,,Medieval Studies,ENGL,,FALSE,,subject_code,confirmed,182 rows as First Minor; Second Minor; course subject MDVL,
ME,,Mechanical Engineering,ME,,FALSE,,source_department,confirmed,"7689 rows as First Minor; Major; Second Major; Second Minor; source department ""SOE Mechanical Engineering"" on 100% of primary-major rows",
MED,,Medicine,BIOM,,FALSE,,course_taking,confirmed,"1453 rows as Major; Second Major; source department ""*DM (MD) Program"" on 100% of primary-major rows; students take BIOM courses at 186.9x the overall rate (99 enrolments)",
MEDL,,Medical Laboratory Sciences,MEDL,,FALSE,,source_department,confirmed,"2102 rows as Major; source department ""SOM Pathology Medical Lab Sci"" on 100% of primary-major rows",
MFGE,,Manufacturing Engineering,ME,,FALSE,,course_taking,confirmed,"93 rows as Major; source department ""*Interdisciplinary:Engineering"" on 100% of primary-major rows; students take ME courses at 36.0x the overall rate (55 enrolments)",
MGMT,,Management,MGMT,,FALSE,,source_department,confirmed,"7409 rows as First Minor; Major; Second Minor; source department ""Management"" on 100% of primary-major rows",
MKTG,,Marketing Management,MKTG,,FALSE,,subject_code,confirmed,86 rows as First Minor; course subject MKTG,
MLST,,Military Studies,NVSC,,FALSE,,course_taking,proposed,1328 rows as First Minor; Second Minor; students take NVSC courses at 124.9x the overall rate (862 enrolments),
MRI,,Magnetic Resonance Imaging,RADS,,FALSE,,source_department,confirmed,"22 rows as Major; source department ""Radiology"" on 100% of primary-major rows",
MSST,,Museum Studies,MSST,,FALSE,,subject_code,confirmed,"1147 rows as First Minor; Major; Second Minor; source department ""*Interdisciplinary: A.S."" on 100% of primary-major rows; course subject MSST",
MUS,,Music,MUS,,FALSE,,source_department,confirmed,"3323 rows as First Minor; Major; Second Major; Second Minor; source department ""Music"" on 100% of primary-major rows",
MUSE,,Music Education,MUS,,FALSE,,source_department,confirmed,"763 rows as First Minor; Major; source department ""Music"" on 100% of primary-major rows",
MUSP,,Music Performance,MUS,,FALSE,,source_department,confirmed,"286 rows as Major; source department ""Music"" on 100% of primary-major rows",
NAST,,Native American Studies,NATV,,FALSE,,name_match,proposed,"27 rows as First Minor; unit named ""Native American Studies""",
NATV,,Native American Studies,NATV,,FALSE,,source_department,confirmed,"1428 rows as First Minor; Major; Second Major; Second Minor; source department ""Native American Studies"" on 98% of primary-major rows",
NDIT,,Nutrition/Dietetics,NUTR,,FALSE,,source_department,confirmed,"965 rows as Major; source department ""Individual Fam Comm Educ IFCE"" on 100% of primary-major rows; students take NUTR courses at 80.6x the overall rate (1124 enrolments)",
NE,,Nuclear Engineering,NE,,FALSE,,source_department,confirmed,"1641 rows as Major; Second Major; source department ""Nuclear Engineering"" on 95% of primary-major rows",
NEST,,Nuclear Enterp Science Techn,,,FALSE,,unresolved,proposed,"1 rows as Major; source department ""Provost Branch Campuses"" on 100% of primary-major rows; no evidence settles the unit",
NLL,,Navajo Language & Linguistics,NATV,,FALSE,,course_taking,proposed,221 rows as First Minor; Second Minor; students take NATV courses at 31.3x the overall rate (112 enrolments),
NOND,,Non-Degree,,,FALSE,,no_unit,confirmed,"17635 rows as Major; Second Major; source department ""*Non-Degree"" on 100% of primary-major rows; a department that owns no programs",
NSME,,Nanoscience & Microsystems Eng,NSME,GP,FALSE,,source_department,confirmed,"605 rows as First Minor; Major; source department ""NSMS Nano Science & Micro Syst"" on 100% of primary-major rows","college_code GP proposed 2026-10-04: its majors are GP 86%, EN 14% (Banner Translated College, 492 rows); its unit NSME is EN."
NSMS,,Nanoscience & Microsystems,NSME,,FALSE,,source_department,confirmed,"195 rows as First Minor; Major; source department ""NSMS Nano Science & Micro Syst"" on 100% of primary-major rows",
NSSA,,Natl Security & Strat Analysis,,,FALSE,,unresolved,proposed,"124 rows as Major; source department ""Natl Security & Strat Analysis"" on 100% of primary-major rows; that department has no source_departments.csv row; no evidence settles the unit",
NUAP,,Nursing,NURS,,FALSE,,source_department,confirmed,"8243 rows as Major; source department ""College of Nursing"" on 100% of primary-major rows",
NUR,,Nursing,NURS,,FALSE,,source_department,confirmed,"563 rows as Major; source department ""College of Nursing"" on 100% of primary-major rows",
NURP,,Nursing Practice,NURS,,FALSE,,source_department,confirmed,"1735 rows as Major; source department ""College of Nursing"" on 100% of primary-major rows",
NURS,,Nursing,NURS,,FALSE,,source_department,confirmed,"31974 rows as Major; source department ""College of Nursing"" on 100% of primary-major rows",
NUTR,,Nutrition,NUTR,,FALSE,,source_department,confirmed,"813 rows as First Minor; Major; Second Minor; source department ""Individual Fam Comm Educ IFCE"" on 100% of primary-major rows; course subject NUTR",
NVSC,,Naval Science,NVSC,,FALSE,,subject_code,confirmed,3 rows as First Minor; course subject NVSC,
OCTH,,Occupational Therapy,OCTH,,FALSE,,subject_code,confirmed,"1805 rows as Major; source department ""Pediatrics Occupational Ther"" on 64% of primary-major rows; too mixed to settle the unit; course subject OCTH",
OILS,,Organiza Info & Learning Sci,OILS,,FALSE,,source_department,confirmed,"1583 rows as Major; source department ""Organization Info Learning Sci"" on 100% of primary-major rows; course subject OILS",
OLIT,,Org Learn & Instructional Tech,IADL,,FALSE,,decided,confirmed,"42 rows as Major; source department ""Organization Info Learning Sci"" on 88% of primary-major rows; students take OILS courses at 215.5x the overall rate (34 enrolments); assistant proposed OILS","Kept at its Stage 0 unit, a hand decision in program_code_maps.R; decided 2026-10-03."
OPEN,,Optical Science & Engineering,PHYS,,FALSE,,source_department,confirmed,"1219 rows as Major; source department ""Physics Astronomy"" on 100% of primary-major rows",
PADM,,Public Administration,PADM,,FALSE,,source_department,confirmed,"1997 rows as First Minor; Major; Second Minor; source department ""School of Public Admin"" on 100% of primary-major rows",
PAP,,Physics & Astrophysics,PHYS,,FALSE,,source_department,confirmed,"76 rows as Major; Second Major; source department ""Physics Astronomy"" on 100% of primary-major rows",
PAST,,Physician Assistant Studies,PAST,,FALSE,,source_department,confirmed,"1609 rows as Major; source department ""FCM Physicians Assistand Pgm"" on 100% of primary-major rows",
PBA,,Business Administration,MGMT,,FALSE,,inherited,proposed,"31 rows as Major; named Pre- on 81% of rows; source department ""Provost Branch Campuses"" on 100% of primary-major rows; leads to BADM",Not a pre-major (no F code); decided 2026-10-03 over mixed Pre- names.
PBSV,,Public Service,PADM,,FALSE,,course_taking,proposed,165 rows as First Minor; Second Minor; students take PADM courses at 38.8x the overall rate (95 enrolments),
PCST,,Peace Studies,AFST,,FALSE,,course_taking,proposed,137 rows as First Minor; Second Minor; students take AFST courses at 30.6x the overall rate (29 enrolments),
PE,,Physical Education,PHED,,FALSE,,source_department,confirmed,"1439 rows as Major; Second Major; source department ""Health Exercise & Sports Sci"" on 100% of primary-major rows; unit named ""Physical Education""",
PENG,,Peace Engineering,,,FALSE,,unresolved,proposed,7 rows as First Minor; Second Minor; no evidence settles the unit,
PESE,,"Physical Educ, Sports & Ex Sci",PHED,,FALSE,,source_department,confirmed,"792 rows as Major; source department ""Health Exercise & Sports Sci"" on 100% of primary-major rows; students take PHED courses at 21.8x the overall rate (917 enrolments)",
PH,,Public Health,HSCI,,FALSE,,source_department,confirmed,"1353 rows as First Minor; Major; Second Minor; source department ""College of Population Health"" on 96% of primary-major rows",
PHIL,,Philosophy,PHIL,,FALSE,,source_department,confirmed,"3687 rows as First Minor; Major; Second Major; Second Minor; source department ""Philosophy"" on 100% of primary-major rows",
PHRD,,Doctor of Pharmacy,PHRM,,FALSE,,source_department,confirmed,"3040 rows as Major; source department ""College of Pharmacy"" on 100% of primary-major rows",
PHRS,,Pharmaceutical Sciences,PHRM,,FALSE,,source_department,confirmed,"687 rows as Major; source department ""Pharmacy"" on 84% of primary-major rows",
PHSC,,Health Scholars,HSCI,,FALSE,,source_department,confirmed,"7 rows as Major; named Pre- on 29% of rows; source department ""Health Science"" on 100% of primary-major rows",Not a pre-major (no F code); decided 2026-10-03 over mixed Pre- names.
PHYC,,Physics,PHYS,,FALSE,,source_department,confirmed,"3068 rows as First Minor; Major; Second Major; Second Minor; source department ""Physics Astronomy"" on 100% of primary-major rows",
PJMG,,Project Management,MGMT,,FALSE,,source_department,confirmed,"311 rows as Major; source department ""Anderson School Management ASM"" on 100% of primary-major rows; students take MGMT courses at 13.7x the overall rate (607 enrolments)",
PJS,,Peace & Justice Studies,,,FALSE,,unresolved,proposed,"59 rows as Major; source department ""*Interdisciplinary: A.S."" on 100% of primary-major rows; no evidence settles the unit",
POHE,,Population Health,HSCI,,FALSE,,source_department,confirmed,"2615 rows as First Minor; Major; Second Minor; source department ""College of Population Health"" on 100% of primary-major rows",
POLS,,Political Science,POLS,,FALSE,,source_department,confirmed,"7777 rows as First Minor; Major; Second Major; Second Minor; source department ""Political Science"" on 100% of primary-major rows",
PORT,,Portuguese,SPAN,,FALSE,,source_department,confirmed,"263 rows as First Minor; Major; Second Major; Second Minor; source department ""Spanish Portuguese"" on 100% of primary-major rows",
PPED,,Professional Elementary Ed,,,TRUE,,unresolved,proposed,"2 rows as Major; source department ""Provost Branch Campuses"" on 100% of primary-major rows; no evidence settles the unit",
PRSC,,Science,BIOL,,FALSE,,inherited,proposed,"33 rows as Major; named Pre- on 76% of rows; source department ""Provost Branch Campuses"" on 100% of primary-major rows; leads to SCI",Not a pre-major (no F code); decided 2026-10-03 over mixed Pre- names.
PRWR,,Professional Writing,CJ,,FALSE,,course_taking,proposed,318 rows as First Minor; Second Minor; students take CJ courses at 6.4x the overall rate (254 enrolments),
PSY,,Psychology,PSYC,,FALSE,,source_department,confirmed,"36522 rows as First Minor; Major; Second Major; Second Minor; source department ""Psychology"" on 100% of primary-major rows",
PT,,Physical Therapy,PT,,FALSE,,source_department,confirmed,"2232 rows as Major; source department ""Orthopaedics Physical Therapy"" on 100% of primary-major rows",
PUPO,,Public Policy,PADM,,FALSE,,course_taking,confirmed,"426 rows as Major; source department ""*Interdisciplinary: A.S."" on 100% of primary-major rows; students take PADM courses at 51.9x the overall rate (143 enrolments)",
QMED,,Quantitive Methods in Educ,,,FALSE,,unresolved,proposed,7 rows as First Minor; Second Minor; no evidence settles the unit,
RADS,,Radiologic Sciences,RADS,,FALSE,,source_department,confirmed,"2305 rows as Major; source department ""Radiology"" on 100% of primary-major rows",
RLST,,Religious Studies,RELG,,FALSE,,source_department,confirmed,"1159 rows as First Minor; Major; Second Major; Second Minor; source department ""Religious Studies Prgm"" on 100% of primary-major rows",
RSJ,,Race & Social Justice,SOCI,,FALSE,,decided,confirmed,"246 rows as Major; source department ""Women Studies"" on 68% of primary-major rows; too mixed to settle the unit; no evidence settles the unit; assistant proposed nothing","Kept at its Stage 0 unit, a hand decision in program_code_maps.R; decided 2026-10-03."
RUSL,,Russian,LCL,,FALSE,,source_department,confirmed,"374 rows as First Minor; Major; Second Major; Second Minor; source department ""Foreign Languages Literatures"" on 100% of primary-major rows",
RUSS,,Russian Studies,LCL,,FALSE,,subject_code,confirmed,6 rows as First Minor; course subject RUSS,
SCI,,Science,BIOL,,FALSE,,course_taking,proposed,"96 rows as Major; source department ""Provost Branch Campuses"" on 100% of primary-major rows; students take BIOL courses at 3.9x the overall rate (70 enrolments)",
SCSE,,Science Composite,,,FALSE,,unresolved,proposed,2 rows as First Minor; no evidence settles the unit,
SCTE,,Secondary Teacher Education,,,FALSE,,unresolved,proposed,"9 rows as Major; source department ""Provost Branch Campuses"" on 100% of primary-major rows; no evidence settles the unit",
SCTO,,Struc Ed Req Comp Tomogpy,RADS,,FALSE,,source_department,confirmed,"14 rows as Major; source department ""Radiology"" on 100% of primary-major rows",
SED,,Secondary Education,EDUC,,FALSE,,source_department,confirmed,"2327 rows as First Minor; Major; source department ""Dept Teacher Ed, Ed Lead & Pol"" on 100% of primary-major rows; students take EDUC courses at 48.2x the overall rate (2540 enrolments)",
SHED,,School Health Education,,,FALSE,,unresolved,proposed,4 rows as First Minor; Second Minor; no evidence settles the unit,
SHS,,Speech & Hearing Sciences,SHS,,FALSE,,source_department,confirmed,"1976 rows as First Minor; Major; Second Major; Second Minor; source department ""Speech & Hearing Sciences"" on 100% of primary-major rows",
SIGN,,Signed Language Interpreting,LING,,FALSE,,source_department,confirmed,"751 rows as Major; Second Major; source department ""AS Linguistics"" on 100% of primary-major rows",
SMRI,,Struc Ed Req Magn Res Imag,RADS,,FALSE,,source_department,confirmed,"22 rows as Major; source department ""Radiology"" on 100% of primary-major rows",
SOC,,Sociology,SOCI,,FALSE,,source_department,confirmed,"6279 rows as First Minor; Major; Second Major; Second Minor; source department ""Sociology"" on 100% of primary-major rows",
SOCW,,Social Welfare,,,FALSE,,unresolved,proposed,4 rows as First Minor; no evidence settles the unit,
SPAN,,Spanish,SPAN,,FALSE,,source_department,confirmed,"8567 rows as First Minor; Major; Second Major; Second Minor; source department ""Spanish Portuguese"" on 100% of primary-major rows",
SPCD,,Special Education,SPED,,FALSE,,source_department,confirmed,"3320 rows as First Minor; Major; Second Minor; source department ""Special Education"" on 100% of primary-major rows; course subject SPCD",
SPLP,,Speech-Language Pathology,SHS,,FALSE,,source_department,confirmed,"1816 rows as Major; source department ""Speech & Hearing Sciences"" on 100% of primary-major rows",
SPPR,,Spanish & Portuguese,SPAN,,FALSE,,source_department,confirmed,"397 rows as Major; source department ""Spanish Portuguese"" on 100% of primary-major rows",
STAT,,Statistics,MATH,,FALSE,,source_department,confirmed,"2230 rows as First Minor; Major; Second Major; Second Minor; source department ""Mathematics Statistics"" on 100% of primary-major rows",
STLW,,Studies in Law,LAW,,FALSE,,source_department,confirmed,"228 rows as Major; source department ""School of Law Administration"" on 100% of primary-major rows",
SUST,,Sustainability Studies,GES,,FALSE,,course_taking,confirmed,1208 rows as First Minor; Second Minor; students take GES courses at 29.3x the overall rate (1389 enrolments),
TA,,Theatre Arts,THEA,,FALSE,,course_taking,proposed,39 rows as First Minor; students take THEA courses at 55.0x the overall rate (52 enrolments),
TESL,,Teach Engl to Speakers Oth Lan,LLSS,,FALSE,,source_department,confirmed,"1122 rows as First Minor; Major; Second Minor; source department ""Lang Literacy Sociocultural LL"" on 100% of primary-major rows",
THEA,,Theatre,THEA,,FALSE,,source_department,confirmed,"1368 rows as First Minor; Major; Second Major; Second Minor; source department ""Theatre & Dance"" on 100% of primary-major rows; course subject THEA",
THTD,,Theatre & Dance,THEA,,FALSE,,decided,confirmed,"6 rows as Major; source department ""Theatre & Dance"" on 100% of primary-major rows; split department; none of THEA|DANC fits; no evidence settles the unit; assistant proposed nothing","Kept at its Stage 0 unit, a hand decision in program_code_maps.R; decided 2026-10-03."
TLTE,,Teaching Lrning & Teacher Ed,EDUC,,FALSE,,decided,confirmed,"437 rows as Major; source department ""Dept Teacher Ed, Ed Lead & Pol"" on 100% of primary-major rows; students take LEAD courses at 77.0x the overall rate (93 enrolments); assistant proposed LEAD","Kept at its Stage 0 unit, a hand decision in program_code_maps.R; decided 2026-10-03."
TPC,,Technical & Professional Comm,ENGL,,FALSE,,source_department,confirmed,"222 rows as First Minor; Major; Second Minor; source department ""English"" on 100% of primary-major rows",
TTR,,Technology & Training,IADL,,FALSE,,decided,confirmed,"46 rows as Major; source department ""Organization Info Learning Sci"" on 100% of primary-major rows; students take OILS courses at 177.5x the overall rate (20 enrolments); assistant proposed OILS","Kept at its Stage 0 unit, a hand decision in program_code_maps.R; decided 2026-10-03."
UNDC,,Undecided,,,FALSE,,no_unit,confirmed,"7888 rows as Major; Second Major; source department ""University College UC"" on 100% of primary-major rows; a department that owns no programs",
URBI,,Urban Innovation,CRP,,FALSE,,decided,confirmed,"18 rows as Major; source department ""School Architecture Planning"" on 100% of primary-major rows; students take LA courses at 241.0x the overall rate (10 enrolments); assistant proposed LA","Kept at its Stage 0 unit, a hand decision in program_code_maps.R; decided 2026-10-03."
UST,,Univ Sci Teaching Biomed Sci,BIOM,,FALSE,,source_department,proposed,"20 rows as Major; source department ""Biomedical Sci Grad Prg BSGP"" on 100% of primary-major rows",
WD,,World Dance,PHED,,FALSE,,course_taking,proposed,20 rows as First Minor; students take PHED courses at 10.6x the overall rate (27 enrolments),
WELD,,Welding Technology,WELD,,FALSE,,subject_code,confirmed,"5 rows as Major; source department ""Provost Branch Campuses"" on 100% of primary-major rows; course subject WELD",
WGSS,,"Women, Gndr, Sexuality Studies",WGSS,,FALSE,,source_department,confirmed,"479 rows as First Minor; Major; Second Major; Second Minor; source department ""Women Studies"" on 100% of primary-major rows",
WMST,,Women Studies,WGSS,,FALSE,,source_department,confirmed,"414 rows as First Minor; Major; Second Major; Second Minor; source department ""Women Studies"" on 100% of primary-major rows",
WR,,Water Resources,WR,GP,FALSE,,source_department,confirmed,"481 rows as Major; source department ""Water Resources Program"" on 100% of primary-major rows","college_code GP proposed 2026-10-04: its majors are GP 100% (Banner Translated College, 405 rows); its unit WR is UC."
XBAD,,Business Admin,MGMT,,FALSE,,source_department,confirmed,"4146 rows as Major; source department ""Anderson School Management ASM"" on 100% of primary-major rows; students take MGMT courses at 10.9x the overall rate (9928 enrolments)",
XBAM,,Business Admin,MGMT,,FALSE,,source_department,confirmed,"3063 rows as Major; source department ""Anderson School Management ASM"" on 100% of primary-major rows; students take MGMT courses at 14.0x the overall rate (7001 enrolments)",
XCBA,,Cybersec & Bus Analytics,MGMT,,FALSE,,source_department,confirmed,"1499 rows as Major; source department ""Anderson School Management ASM"" on 100% of primary-major rows; students take MGMT courses at 13.9x the overall rate (3148 enrolments)",
XCCS,,Chicana Chicano Studies,CCS,,FALSE,,course_taking,confirmed,"176 rows as Major; Second Major; source department ""AS CHMS Program"" on 52% of primary-major rows; too mixed to settle the unit; students take CCS courses at 76.5x the overall rate (293 enrolments)",
XCE,,Civil Engineering,CE,,FALSE,,source_department,confirmed,"21 rows as Major; source department ""Civil Engineering Civil Engr"" on 100% of primary-major rows",
XCHE,,Community Health Education,HED,,FALSE,,source_department,confirmed,"46 rows as Major; source department ""Health Exercise & Sports Sci"" on 100% of primary-major rows; students take HED courses at 70.9x the overall rate (127 enrolments)",
XCMG,,Construction Management,CE,,FALSE,,source_department,confirmed,"315 rows as Major; source department ""Civil Engineering Civil Engr"" on 100% of primary-major rows",
XCPE,,Computer Engineering,CPE,,FALSE,,source_department,confirmed,"211 rows as Major; source department ""Electrical Computer Engr"" on 100% of primary-major rows; unit named ""Computer Engineering""",
XDEH,,Dental Hygiene,DEHY,,FALSE,,source_department,confirmed,"1020 rows as Major; source department ""Surgery Dental Services"" on 100% of primary-major rows",
XECO,,Economics,ECON,,FALSE,,source_department,confirmed,"84 rows as Major; Second Major; source department ""AS Economics"" on 100% of primary-major rows",
XEDU,,Education,EDUC,,FALSE,,source_department,confirmed,"248 rows as Major; source department ""Dept Teacher Ed, Ed Lead & Pol"" on 100% of primary-major rows; unit named ""Education""",
XEE,,Electrical Engineering,ECE,,FALSE,,source_department,confirmed,"430 rows as Major; source department ""Electrical Computer Engr"" on 100% of primary-major rows; students take ECE courses at 43.0x the overall rate (453 enrolments)",
XELE,,Elementary Education,EDUC,,FALSE,,source_department,confirmed,"9 rows as Major; source department ""Dept Teacher Ed, Ed Lead & Pol"" on 100% of primary-major rows; students take EDUC courses at 87.1x the overall rate (15 enrolments)",
XFBA,,Business Admin,MGMT,,TRUE,XBAD,decided,confirmed,"2697 rows as Major; named Pre- on 74% of rows; source department ""Anderson School Management ASM"" on 100% of primary-major rows; students take ACCT courses at 11.8x the overall rate (865 enrolments); assistant proposed ACCT",Pre-major by its F code; decided 2026-10-03 over mixed Pre- names and pre_major_exempt_codes (ISSUES I9).
XFCC,,Chicana Chicano Studies,CCS,,TRUE,XCCS,source_department,confirmed,"111 rows as Major; named Pre- on 88% of rows; source department ""AS CHMS Program"" on 100% of primary-major rows",Pre-major by its F code; decided 2026-10-03 over mixed Pre- names and pre_major_exempt_codes (ISSUES I9).
XFCH,,Community Health Education,HED,,TRUE,CHED,source_department,confirmed,"111 rows as Major; named Pre- on 57% of rows; source department ""Health Exercise & Sports Sci"" on 100% of primary-major rows; students take HED courses at 60.6x the overall rate (317 enrolments)",Pre-major by its F code; decided 2026-10-03 over mixed Pre- names and pre_major_exempt_codes (ISSUES I9).
XFDE,,Dental Hygiene,DEHY,,TRUE,DEHY,source_department,confirmed,"1 rows as Major; source department ""Surgery Dental Services"" on 100% of primary-major rows",
XFEC,,Economics,ECON,,TRUE,ECON,source_department,confirmed,"20 rows as Major; source department ""AS Economics"" on 100% of primary-major rows",
XFIT,,Instructional Tech & Trng,IADL,,TRUE,XITT,decided,confirmed,"14 rows as Major; named Pre- on 50% of rows; source department ""Organization Info Learning Sci"" on 100% of primary-major rows; students take OILS courses at 158.8x the overall rate (23 enrolments); assistant proposed OILS",Pre-major by its F code; decided 2026-10-03 over mixed Pre- names and pre_major_exempt_codes (ISSUES I9).
XFJM,,Journal & Mass Comm,CJ,,TRUE,XJMC,source_department,confirmed,"171 rows as Major; named Pre- on 89% of rows; source department ""Communication Journalism"" on 100% of primary-major rows",Pre-major by its F code; decided 2026-10-03 over mixed Pre- names and pre_major_exempt_codes (ISSUES I9).
XFNA,,Native American Studies,NATV,,TRUE,NATV,source_department,confirmed,"236 rows as Major; named Pre- on 72% of rows; source department ""Native American Studies"" on 100% of primary-major rows",Pre-major by its F code; decided 2026-10-03 over mixed Pre- names and pre_major_exempt_codes (ISSUES I9).
XFPY,,Psychology,PSYC,,TRUE,PSY,source_department,confirmed,"1365 rows as Major; named Pre- on 74% of rows; source department ""Psychology"" on 100% of primary-major rows",Pre-major by its F code; decided 2026-10-03 over mixed Pre- names and pre_major_exempt_codes (ISSUES I9).
XITT,,Instructional Tech & Trng,IADL,,FALSE,,source_department,confirmed,"92 rows as First Minor; Major; source department ""Organization Info Learning Sci"" on 100% of primary-major rows; students take IADL courses at 541.4x the overall rate (28 enrolments)",
XJMC,,Journal & Mass Comm,CJ,,FALSE,,source_department,confirmed,"191 rows as Major; source department ""Communication Journalism"" on 100% of primary-major rows",
XME,,Mechanical Engineering,ME,,FALSE,,source_department,confirmed,"452 rows as Major; source department ""SOE Mechanical Engineering"" on 100% of primary-major rows",
XMGM,,Management,MGMT,,FALSE,,source_department,confirmed,"20 rows as Major; source department ""Management"" on 100% of primary-major rows",
XMUS,,Music,MUS,,FALSE,,source_department,confirmed,"187 rows as Major; source department ""Music"" on 100% of primary-major rows",
XNAT,,Native American Studies,NATV,,FALSE,,source_department,confirmed,"172 rows as Major; Second Major; source department ""Native American Studies"" on 100% of primary-major rows",
XOIL,,Org Info & Learning Science,OILS,,FALSE,,source_department,confirmed,"294 rows as Major; source department ""Organization Info Learning Sci"" on 100% of primary-major rows; students take OILS courses at 304.2x the overall rate (521 enrolments)",
XPE,,Physical Education,PHED,,FALSE,,source_department,confirmed,"105 rows as Major; source department ""Health Exercise & Sports Sci"" on 100% of primary-major rows; unit named ""Physical Education""",
XPJM,,Project Management,MGMT,,FALSE,,source_department,confirmed,"2332 rows as Major; source department ""Anderson School Management ASM"" on 100% of primary-major rows; students take MGMT courses at 13.9x the overall rate (4236 enrolments)",
XPSY,,Psychology,PSYC,,FALSE,,source_department,confirmed,"2364 rows as First Minor; Major; Second Major; Second Minor; source department ""Psychology"" on 100% of primary-major rows",
XSED,,Secondary Education,EDUC,,FALSE,,source_department,confirmed,"12 rows as Major; source department ""Dept Teacher Ed, Ed Lead & Pol"" on 100% of primary-major rows; students take EDUC courses at 87.5x the overall rate (23 enrolments)",
