source_name,unit_code,kind,notes
*DM (MD) Program,,bucket,"Seeded 2026-10-03 from primary-major rows (academic studies and degrees, pulled 2026-09-07) by CEDAR unit at Stage 0: BIOM 100%"
*Interdisciplinary: A.S.,,bucket,"Seeded 2026-10-03 from primary-major rows (academic studies and degrees, pulled 2026-09-07) by CEDAR unit at Stage 0: BIOC 62%, ISI 16%, HMHV 9%, LTAM 4%, PADM 3%, MSST 3%, ENGL 2%, SOCI 1%, NA 0%, NATV 0%"
*Interdisciplinary: Education,,bucket,"Seeded 2026-10-03 from primary-major rows (academic studies and degrees, pulled 2026-09-07) by CEDAR unit at Stage 0: EDUC 100%"
*Interdisciplinary: Fine Arts,,bucket,"Seeded 2026-10-03 from primary-major rows (academic studies and degrees, pulled 2026-09-07) by CEDAR unit at Stage 0: FDMA 100%"
*Interdisciplinary:Engineering,,bucket,"Seeded 2026-10-03 from primary-major rows (academic studies and degrees, pulled 2026-09-07) by CEDAR unit at Stage 0: ENG 88%, BME 9%, ME 2%, ASPE 1%, CS 0%, NA 0%"
Provost Branch Campuses,,bucket,"Seeded 2026-10-03 from primary-major rows (academic studies and degrees, pulled 2026-09-07) by CEDAR unit at Stage 0: LART 18%, GSCI 17%, SCI 10%, GNST 8%, BUAD 5%, MGMT 4%, PRSC 3%, PBA 3%, INGV 3%, APHS 2%, EMS 2%, ASPE 2%, ECED 2%, SOCI 2%, BUSN 1%, CS 1%, CJUS 1%, ASNU 1%, IT 1%, NURS 1%, SCTE 1%, ENPD 1%, CNST 1%, EPS 1%, HIT 1%, AUTT 1%, ELTE 1%, MDLA 1%, ARTS 1%, WELD 1%, FA 0%, FISC 0%, HED 0%, MATH 0%, ACCT 0%, DMA 0%, ENGL 0%, FDMA 0%, GDS 0%, APTE 0%, EMBS 0%, HHHA 0%, INCS 0%, PPED 0%, ARDT 0%, DAST 0%, ENTS 0%, HCHT 0%, NEST 0%"
AS American Studies,AMST,department,"Seeded 2026-10-03 from primary-major rows (academic studies and degrees, pulled 2026-09-07) by CEDAR unit at Stage 0: AMST 100%"
AS Anthropology,ANTH,department,"Seeded 2026-10-03 from primary-major rows (academic studies and degrees, pulled 2026-09-07) by CEDAR unit at Stage 0: ANTH 100%"
AS Biology,BIOL,department,"Seeded 2026-10-03 from primary-major rows (academic studies and degrees, pulled 2026-09-07) by CEDAR unit at Stage 0: BIOL 100%"
AS CHMS Program,CCS,department,"Seeded 2026-10-03 from primary-major rows (academic studies and degrees, pulled 2026-09-07) by CEDAR unit at Stage 0: CCS 100%"
AS Economics,ECON,department,"Seeded 2026-10-03 from primary-major rows (academic studies and degrees, pulled 2026-09-07) by CEDAR unit at Stage 0: ECON 100%"
AS Linguistics,LING,department,"Seeded 2026-10-03 from primary-major rows (academic studies and degrees, pulled 2026-09-07) by CEDAR unit at Stage 0: LING 100%"
African American Studies,AFST,department,"Seeded 2026-10-03 from primary-major rows (academic studies and degrees, pulled 2026-09-07) by CEDAR unit at Stage 0: AFST 100%"
Anesthesiology MSA,ANES,department,"Seeded 2026-10-03 from primary-major rows (academic studies and degrees, pulled 2026-09-07) by CEDAR unit at Stage 0: ANES 100%"
Biomedical Sci Grad Prg BSGP,BIOM,department,"Seeded 2026-10-03 from primary-major rows (academic studies and degrees, pulled 2026-09-07) by CEDAR unit at Stage 0: BIOM 96%, CHEM 3%, NA 1%"
Chem & Biological Engineering,CBE,department,"Seeded 2026-10-03 from primary-major rows (academic studies and degrees, pulled 2026-09-07) by CEDAR unit at Stage 0: CBE 100%"
Chemical Nuclear Engineering,CBE,department,"Seeded 2026-10-03 from primary-major rows (academic studies and degrees, pulled 2026-09-07) by CEDAR unit at Stage 0: CBE 67%, NE 33%"
Chemistry,CHEM,department,"Seeded 2026-10-03 from primary-major rows (academic studies and degrees, pulled 2026-09-07) by CEDAR unit at Stage 0: CHEM 97%, BIOL 3%"
Chicana/o Studies,CCS,department,"Seeded 2026-10-03 from primary-major rows (academic studies and degrees, pulled 2026-09-07) by CEDAR unit at Stage 0: CCS 100%"
Cinematic Arts,FDMA,department,"Seeded 2026-10-03 from primary-major rows (academic studies and degrees, pulled 2026-09-07) by CEDAR unit at Stage 0: FDMA 100%"
Civil Engineering Civil Engr,CE,department,"Seeded 2026-10-03 from primary-major rows (academic studies and degrees, pulled 2026-09-07) by CEDAR unit at Stage 0: CE 96%, FCOE 3%, CONE 2%, CMGT 0%"
College of Nursing,NURS,department,"Seeded 2026-10-03 from primary-major rows (academic studies and degrees, pulled 2026-09-07) by CEDAR unit at Stage 0: NURS 100%"
College of Pharmacy,PHRM,department,"Seeded 2026-10-03 from primary-major rows (academic studies and degrees, pulled 2026-09-07) by CEDAR unit at Stage 0: PHRM 100%"
College of Population Health,HSCI,department,"Seeded 2026-10-03 from primary-major rows (academic studies and degrees, pulled 2026-09-07) by CEDAR unit at Stage 0: HSCI 100%"
Communication & Journalism,CJ,department,"Seeded 2026-10-03 from primary-major rows (academic studies and degrees, pulled 2026-09-07) by CEDAR unit at Stage 0: CJ 100%"
Communication Journalism,CJ,department,"Seeded 2026-10-03 from primary-major rows (academic studies and degrees, pulled 2026-09-07) by CEDAR unit at Stage 0: CJ 100%, NA 0%"
Computer Science,CS,department,"Seeded 2026-10-03 from primary-major rows (academic studies and degrees, pulled 2026-09-07) by CEDAR unit at Stage 0: CS 100%"
Earth & Planetary Sciences,EPS,department,"Seeded 2026-10-03 from primary-major rows (academic studies and degrees, pulled 2026-09-07) by CEDAR unit at Stage 0: EPS 100%"
Educ Leader Orgn Learning ELOL,LEAD,department,"Seeded 2026-10-03 from primary-major rows (academic studies and degrees, pulled 2026-09-07) by CEDAR unit at Stage 0: LEAD 92%, IADL 8%"
Emergency Medicine,EMS,department,"Seeded 2026-10-03 from primary-major rows (academic studies and degrees, pulled 2026-09-07) by CEDAR unit at Stage 0: EMS 100%"
English,ENGL,department,"Seeded 2026-10-03 from primary-major rows (academic studies and degrees, pulled 2026-09-07) by CEDAR unit at Stage 0: ENGL 100%"
FCM Masters in Public Health,HSCI,department,"Seeded 2026-10-03 from primary-major rows (academic studies and degrees, pulled 2026-09-07) by CEDAR unit at Stage 0: HSCI 100%"
FCM Physicians Assistand Pgm,PAST,department,"Seeded 2026-10-03 from primary-major rows (academic studies and degrees, pulled 2026-09-07) by CEDAR unit at Stage 0: PAST 100%"
Film and Digital Arts,FDMA,department,"Seeded 2026-10-03 from primary-major rows (academic studies and degrees, pulled 2026-09-07) by CEDAR unit at Stage 0: FDMA 100%"
Fine Art,FDMA,department,"Seeded 2026-10-03 from primary-major rows (academic studies and degrees, pulled 2026-09-07) by CEDAR unit at Stage 0: FDMA 100%"
Foreign Languages Literatures,LCL,department,"Seeded 2026-10-03 from primary-major rows (academic studies and degrees, pulled 2026-09-07) by CEDAR unit at Stage 0: LCL 100%"
Geography,GES,department,"Seeded 2026-10-03 from primary-major rows (academic studies and degrees, pulled 2026-09-07) by CEDAR unit at Stage 0: GES 100%, LENG 0%"
Global & National Security Prg,GLNS,department,"Seeded 2026-10-03 from primary-major rows (academic studies and degrees, pulled 2026-09-07) by CEDAR unit at Stage 0: GLNS 100%"
Health Science,HSCI,department,"Seeded 2026-10-03 from primary-major rows (academic studies and degrees, pulled 2026-09-07) by CEDAR unit at Stage 0: HSCI 100%"
History,HIST,department,"Seeded 2026-10-03 from primary-major rows (academic studies and degrees, pulled 2026-09-07) by CEDAR unit at Stage 0: HIST 100%"
Lang Literacy Sociocultural LL,LLSS,department,"Seeded 2026-10-03 from primary-major rows (academic studies and degrees, pulled 2026-09-07) by CEDAR unit at Stage 0: LLSS 83%, LING 17%"
Management,MGMT,department,"Seeded 2026-10-03 from primary-major rows (academic studies and degrees, pulled 2026-09-07) by CEDAR unit at Stage 0: MGMT 100%"
Mathematics Statistics,MATH,department,"Seeded 2026-10-03 from primary-major rows (academic studies and degrees, pulled 2026-09-07) by CEDAR unit at Stage 0: MATH 100%"
Music,MUS,department,"Seeded 2026-10-03 from primary-major rows (academic studies and degrees, pulled 2026-09-07) by CEDAR unit at Stage 0: MUS 100%, FDMA 0%"
NSMS Nano Science & Micro Syst,NSME,department,"Seeded 2026-10-03 from primary-major rows (academic studies and degrees, pulled 2026-09-07) by CEDAR unit at Stage 0: NSME 100%"
Native American Studies,NATV,department,"Seeded 2026-10-03 from primary-major rows (academic studies and degrees, pulled 2026-09-07) by CEDAR unit at Stage 0: NATV 100%"
Nuclear Engineering,NE,department,"Seeded 2026-10-03 from primary-major rows (academic studies and degrees, pulled 2026-09-07) by CEDAR unit at Stage 0: NE 100%"
Occupational Therapy,OCTH,department,"Seeded 2026-10-03 from primary-major rows (academic studies and degrees, pulled 2026-09-07) by CEDAR unit at Stage 0: OCTH 100%"
Orthopaedics Physical Therapy,PT,department,"Seeded 2026-10-03 from primary-major rows (academic studies and degrees, pulled 2026-09-07) by CEDAR unit at Stage 0: PT 100%"
Pediatrics Occupational Ther,OCTH,department,"Seeded 2026-10-03 from primary-major rows (academic studies and degrees, pulled 2026-09-07) by CEDAR unit at Stage 0: OCTH 100%"
Pharmacy,PHRM,department,"Seeded 2026-10-03 from primary-major rows (academic studies and degrees, pulled 2026-09-07) by CEDAR unit at Stage 0: PHRM 100%"
Philosophy,PHIL,department,"Seeded 2026-10-03 from primary-major rows (academic studies and degrees, pulled 2026-09-07) by CEDAR unit at Stage 0: PHIL 100%"
Physics Astronomy,PHYS,department,"Seeded 2026-10-03 from primary-major rows (academic studies and degrees, pulled 2026-09-07) by CEDAR unit at Stage 0: PHYS 100%"
Political Science,POLS,department,"Seeded 2026-10-03 from primary-major rows (academic studies and degrees, pulled 2026-09-07) by CEDAR unit at Stage 0: POLS 100%"
Psychology,PSYC,department,"Seeded 2026-10-03 from primary-major rows (academic studies and degrees, pulled 2026-09-07) by CEDAR unit at Stage 0: PSYC 100%"
Radiology,RADS,department,"Seeded 2026-10-03 from primary-major rows (academic studies and degrees, pulled 2026-09-07) by CEDAR unit at Stage 0: RADS 100%"
Religious Studies Prgm,RELG,department,"Seeded 2026-10-03 from primary-major rows (academic studies and degrees, pulled 2026-09-07) by CEDAR unit at Stage 0: RELG 100%"
SOE Mechanical Engineering,ME,department,"Seeded 2026-10-03 from primary-major rows (academic studies and degrees, pulled 2026-09-07) by CEDAR unit at Stage 0: ME 100%"
SOM Pathology Medical Lab Sci,MEDL,department,"Seeded 2026-10-03 from primary-major rows (academic studies and degrees, pulled 2026-09-07) by CEDAR unit at Stage 0: MEDL 100%"
School of Law Administration,LAW,department,"Seeded 2026-10-03 from primary-major rows (academic studies and degrees, pulled 2026-09-07) by CEDAR unit at Stage 0: LAW 100%"
School of Public Admin,PADM,department,"Seeded 2026-10-03 from primary-major rows (academic studies and degrees, pulled 2026-09-07) by CEDAR unit at Stage 0: PADM 100%"
Sociology,SOCI,department,"Seeded 2026-10-03 from primary-major rows (academic studies and degrees, pulled 2026-09-07) by CEDAR unit at Stage 0: SOCI 100%"
Spanish Portuguese,SPAN,department,"Seeded 2026-10-03 from primary-major rows (academic studies and degrees, pulled 2026-09-07) by CEDAR unit at Stage 0: SPAN 100%"
Speech & Hearing Sciences,SHS,department,"Seeded 2026-10-03 from primary-major rows (academic studies and degrees, pulled 2026-09-07) by CEDAR unit at Stage 0: SHS 100%"
Surgery Dental Services,DEHY,department,"Seeded 2026-10-03 from primary-major rows (academic studies and degrees, pulled 2026-09-07) by CEDAR unit at Stage 0: DEHY 100%"
UC Bachelor University Studies,LAIS,department,"Seeded 2026-10-03 from primary-major rows (academic studies and degrees, pulled 2026-09-07) by CEDAR unit at Stage 0: LAIS 83%, FLIB 14%, INGI 3%, FINN 0%, FING 0%"
UNM Honors Program,HNRS,department,"Seeded 2026-10-03 from primary-major rows (academic studies and degrees, pulled 2026-09-07) by CEDAR unit at Stage 0: HNRS 98%, NA 2%"
Water Resources Program,WR,department,"Seeded 2026-10-03 from primary-major rows (academic studies and degrees, pulled 2026-09-07) by CEDAR unit at Stage 0: WR 100%"
Women Studies,WGSS,department,"Seeded 2026-10-03 from primary-major rows (academic studies and degrees, pulled 2026-09-07) by CEDAR unit at Stage 0: WGSS 58%, SOCI 42%"
*Non-Degree,,non_degree,"Seeded 2026-10-03 from primary-major rows (academic studies and degrees, pulled 2026-09-07) by CEDAR unit at Stage 0: NOND 100%, NURS 0%"
University College UC,,non_degree,"Seeded 2026-10-03 from primary-major rows (academic studies and degrees, pulled 2026-09-07) by CEDAR unit at Stage 0: UNDC 100%, LAIS 0%"
Anderson School Management ASM,MGMT|ACCT,split,"Seeded 2026-10-03 from primary-major rows (academic studies and degrees, pulled 2026-09-07) by CEDAR unit at Stage 0: MGMT 96%, ACCT 4%"
Art Art History,ARTS|ARTH,split,"Seeded 2026-10-03 from primary-major rows (academic studies and degrees, pulled 2026-09-07) by CEDAR unit at Stage 0: ARTS 87%, ARTH 13%"
"Dept Teacher Ed, Ed Lead & Pol",EDUC|LEAD,split,"Seeded 2026-10-03 from primary-major rows (academic studies and degrees, pulled 2026-09-07) by CEDAR unit at Stage 0: EDUC 85%, LEAD 15%"
Electrical & Computer Engineer,ECE|CPE,split,"The newer name of ""Electrical Computer Engr"", split the same way. Set by hand 2026-10-03; the seed rule gave CPE alone because ECE majors still sit mostly under the old name. Seeded 2026-10-03 from primary-major rows (academic studies and degrees, pulled 2026-09-07) by CEDAR unit at Stage 0: CPE 100%"
Electrical Computer Engr,ECE|CPE,split,"Seeded 2026-10-03 from primary-major rows (academic studies and degrees, pulled 2026-09-07) by CEDAR unit at Stage 0: ECE 56%, CPE 44%"
Health Exercise & Sports Sci,PHED|HED|ATED,split,"Seeded 2026-10-03 from primary-major rows (academic studies and degrees, pulled 2026-09-07) by CEDAR unit at Stage 0: PHED 84%, HED 10%, ATED 6%"
Individual Fam Comm Educ IFCE,FCS|NUTR|COUN,split,"Seeded 2026-10-03 from primary-major rows (academic studies and degrees, pulled 2026-09-07) by CEDAR unit at Stage 0: FCS 41%, NUTR 26%, COUN 25%, EDPY 7%, FS 1%, ECME 0%, HMSV 0%, BIOL 0%"
Organization Info Learning Sci,OILS|IADL,split,"Seeded 2026-10-03 from primary-major rows (academic studies and degrees, pulled 2026-09-07) by CEDAR unit at Stage 0: OILS 70%, IADL 28%, LEAD 2%"
School Architecture Planning,ARCH|CRP|LA,split,"Seeded 2026-10-03 from primary-major rows (academic studies and degrees, pulled 2026-09-07) by CEDAR unit at Stage 0: ARCH 77%, CRP 18%, LA 5%"
Special Education,SPED|EDPY,split,"Seeded 2026-10-03 from primary-major rows (academic studies and degrees, pulled 2026-09-07) by CEDAR unit at Stage 0: SPED 77%, EDPY 16%, PSYC 6%"
Theatre & Dance,THEA|DANC,split,"Seeded 2026-10-03 from primary-major rows (academic studies and degrees, pulled 2026-09-07) by CEDAR unit at Stage 0: THEA 76%, DANC 24%"
