subject_code,college_code,unit_code,notes
ACCT,MG,ACCT,
MGMT,MG,MGMT,
BUSA,MG,MGMT,Business Admin courses fall under MGMT
MKTG,MG,MKTG,
ENTR,MG,ENTR,
BCIS,MG,BCIS,
AFST,AS,AFST,
SWAH,AS,AFST,
AMST,AS,AMST,
ANTH,AS,ANTH,
BIOL,AS,BIOL,
CCS,AS,CCS,
CCST,AS,CCS,older code
CHEM,AS,CHEM,
CJ,AS,CJ,
COMM,AS,CJ,
JOUR,AS,CJ,
JRMC,AS,CJ,
MCOM,AS,CJ,
ECON,AS,ECON,
ENGL,AS,ENGL,
MDVL,AS,ENGL,
EPS,AS,EPS,
ENVS,AS,EPS,
GEOL,AS,EPS,
GEOG,AS,GES,
SUST,AS,GES,
HIST,AS,HIST,
HMHV,AS,HMHV,"OVERRIDE: interdisciplinary, housed in AS"
INTS,AS,ISI,
ARBC,AS,LCL,
ARAB,AS,LCL,pre-2020 code
CHIN,AS,LCL,
CLST,AS,LCL,
COMP,AS,LCL,
EAS,AS,LCL,
FREN,AS,LCL,
GREK,AS,LCL,
GRMN,AS,LCL,
ITAL,AS,LCL,
JAPN,AS,LCL,
LANG,AS,LCL,
LATN,AS,LCL,
LCL,AS,LCL,
MLNG,AS,LCL,
RUSS,AS,LCL,
LING,AS,LING,
NAVA,AS,LING,
NVJO,AS,LING,
SIGN,AS,LING,
LTAM,AS,LTAM,
MATH,AS,MATH,
STAT,AS,MATH,
MSST,AS,MSST,"OVERRIDE: interdisciplinary program, listed as ""*Interdisciplinary: A.S."""
NATV,AS,NATV,
PADM,AS,PADM,OVERRIDE: housed in AS for course listing purposes
PHIL,AS,PHIL,
PHYS,AS,PHYS,
PHYC,AS,PHYS,
ASTR,AS,PHYS,
POLS,AS,POLS,
PSYC,AS,PSYC,
PSY,AS,PSYC,old code → PSYC
RELG,AS,RELG,
SHS,AS,SHS,
SOCI,AS,SOCI,
SOC,AS,SOCI,old code → SOCI
CRIM,AS,SOCI,
SPAN,AS,SPAN,
PORT,AS,SPAN,
WGSS,AS,WGSS,
WMST,AS,WGSS,old code → WGSS
GNDR,AS,WGSS,old code → WGSS
EDUC,EH,EDUC,
LEAD,EH,LEAD,
MSET,EH,MSET,
ATED,EH,ATED,
HED,EH,HED,
HLED,EH,HED,
PHED,EH,PHED,
PEP,EH,PHED,
PENP,EH,PHED,
PRPE,EH,PHED,
COUN,EH,COUN,
EDPY,EH,EDPY,
FCS,EH,FCS,
FCST,EH,FCS,
NUTR,EH,NUTR,
LLSS,EH,LLSS,
SPED,EH,SPED,
SPCD,EH,SPED,
ARTH,FA,ARTH,
ARTS,FA,ARTS,
ARTE,FA,ARTS,
FDMA,FA,FDMA,
MUS,FA,MUS,
MUSC,FA,MUS,
MUSE,FA,MUS,
APMS,FA,MUS,
DANC,FA,DANC,
ALBS,FA,ALBS,
THEA,FA,THEA,
NURS,NU,NURS,
NMNC,NU,NURS,
PHRM,PH,PHRM,
HSCI,PO,HSCI,
PH,PO,HSCI,
IPEP,PO,IPEP,
GLNS,GP,GLNS,
OCTH,GP,OCTH,
HNRS,HC,HNRS,
UHON,HC,HNRS,
ARCH,AP,ARCH,
CRP,AP,CRP,
PLAN,AP,CRP,
LA,AP,LA,
LARC,AP,LA,
CS,EN,CS,
CSCI,EN,CS,OVERRIDE: CSCI courses belong to CS dept
ECE,EN,ECE,
ME,EN,ME,
CE,EN,CE,
CBE,EN,CBE,
NE,EN,NE,
NUCE,EN,NE,
CPE,EN,CPE,
BME,EN,BME,
ENG,EN,ENG,
NSME,EN,NSME,
NSMS,EN,NSME,
BCIS,EN,BCIS,also in MG; EN section
ECOP,EN,ECOP,
LAW,LW,LAW,
ANES,ME,ANES,
BIOC,ME,BIOC,
BIOM,ME,BIOM,
CLNS,ME,CLNS,
DEHY,ME,DEHY,
EMS,ME,EMS,
MEDL,ME,MEDL,
MPHY,ME,MPHY,
NUCM,ME,NUCM,
OCTH,ME,OCTH,
PAST,ME,PAST,
PT,ME,PT,
RADS,ME,RADS,
AFAS,UC,AFAS,
FYEX,UC,FYEX,
LAIS,UC,LAIS,
MLSL,UC,MLSL,
NSE,UC,NSE,
NVSC,UC,NVSC,
UNIV,UC,UNIV,
WR,UC,WR,
ISEP,UC,ISEP,
CELR,UC,CELR,
GLNS,UC,GLNS,also in GP
OILS,LL,OILS,
IADL,LL,IADL,
APTE,AD,APTE,
ARTS,AD,ARTS,
ASPE,AD,ASPE,
AUTT,AD,AUTT,
BSTC,AD,BSTC,
BUSA,AD,BUSA,
CART,AD,CART,
CDL,AD,CDL,
CJUS,AD,CJUS,
CRJS,AD,CJUS,
CNA,AD,CNA,
CNST,AD,CNST,
COSM,AD,COSM,
DDM,AD,DDM,
DMA,AD,DMA,
DRFT,AD,DRFT,
ECED,AD,ECED,
EDUC,AD,EDUC,
ELCT,AD,ELCT,
ELTR,AD,ELTR,
EMS,AD,EMS,
ENPD,AD,ENPD,
ENVS,AD,ENVS,
FDMA,AD,FDMA,
FISC,AD,FISC,
FORS,AD,FORS,
GAME,AD,GAME,
GNST,AD,GNST,
HCDA,AD,HCDA,
HCHT,AD,HCHT,
HCHS,AD,HCHS,
HLED,AD,HLED,
HMSV,AD,HMSV,
HS,AD,HS,
HSMT,AD,HSMT,
IT,AD,IT,
LART,AD,LART,
MAS,AD,MAS,
MCHT,AD,MCHT,
MFGT,AD,MFGT,
MLT,AD,MLT,
NFFW,AD,NFFW,
NWOB,AD,NWOB,
OBT,AD,OBT,
PBT,AD,PBT,
PBST,AD,PBST,
PCA,AD,PCA,
PH,AD,PH,
PTEC,AD,PTEC,
RCTB,AD,RCTB,
ROBO,AD,ROBO,
SLRT,AD,SLRT,
SOWK,AD,SOWK,
STIN,AD,STIN,
SUST,AD,SUST,
TRST,AD,TRST,
WELD,AD,WELD,
WLDT,AD,WLDT,
WOOD,AD,WOOD,
WW,AD,WW,
AAC,AD,AAC,
ADOB,AD,ADOB,
AEEC,AD,AEEC,
ASFD,AD,ASFD,
BFIN,AD,BFIN,
CADT,AD,CADT,
CRT,AD,CRT,
CT,AD,CT,
AFAS,PA,AFAS,
MLSL,PA,MLSL,
NVSC,PA,NVSC,
PADM,PA,PADM,
