unit_code,unit_name,college_code,kind,notes
ACCT,Accounting,MG,department,
AMST,American Studies,AS,department,
ANTH,Anthropology,AS,department,
BIOL,Biology,AS,department,
CHEM,Chemistry,AS,department,
CJ,Communication and Journalism,AS,department,
EDUC,Education,EH,department,
ENGL,English,AS,department,
GES,Geography and Environmental Studies,AS,department,
HIST,History,AS,department,
LING,Linguistics,AS,department,
MATH,Mathematics and Statistics,AS,department,
MGMT,Management,MG,department,
NURS,Nursing,NU,department,
PHIL,Philosophy,AS,department,
PHYS,Physics and Astronomy,AS,department,
POLS,Political Science,AS,department,
PSYC,Psychology,AS,department,
SOCI,Sociology,AS,department,
SPAN,Spanish and Portuguese,AS,department,
